ID,word,level,Keep
1,a,a1,T
2,abandon,b2,T
3,ability,a2,T
4,able,a2,T
5,abolish,c1,T
6,abortion,c1,T
7,about,a1,T
8,above,a1,T
9,abroad,a2,T
10,absence,c1,T
11,absent,c1,T
12,absolute,b2,T
13,absolutely,b1,T
14,absorb,b2,T
15,abstract,b2,T
16,absurd,c1,T
17,abundance,c1,T
18,abuse,c1,T
19,academic,b1,T
20,academy,c1,T
21,accelerate,c1,T
22,accent,b2,T
23,accept,a2,T
24,acceptable,b2,T
25,acceptance,c1,T
26,access,b1,T
27,accessible,c1,T
28,accident,a2,T
29,accidentally,b2,T
30,accommodate,b2,T
31,accommodation,b1,T
32,accompany,b2,T
33,accomplish,b2,T
34,accomplishment,c1,T
35,accordance,c1,T
36,according to,a2,T
37,accordingly,c1,T
38,account,b1,T
39,accountability,c1,T
40,accountable,c1,T
41,accountant,b2,T
42,accumulate,c1,T
43,accumulation,c1,T
44,accuracy,b2,T
45,accurate,b2,T
46,accurately,b2,T
47,accusation,c1,T
48,accuse,b2,T
49,accused,c1,T
50,achieve,a2,T
51,achievement,b1,T
52,acid,b2,T
53,acknowledge,b2,T
54,acquire,b2,T
55,acquisition,c1,T
56,acre,c1,T
57,across,a1,T
58,act,a2,T
59,action,a1,T
60,activate,b2,T
61,activation,c1,T
62,active,a2,T
63,activist,c1,T
64,activity,a1,T
65,actor,a1,T
66,actress,a1,T
67,actual,b2,T
68,actually,a2,T
69,acute,c1,T
70,ad,b1,T
71,adapt,b2,T
72,adaptation,c1,T
73,add,a1,T
74,addiction,b2,T
75,addition,b1,T
76,additional,b2,T
77,additionally,b2,T
78,address,a1,T
79,adequate,b2,T
80,adequately,b2,T
81,adhere,c1,T
82,adjacent,c1,T
83,adjust,b2,T
84,adjustment,c1,T
85,administer,c1,T
86,administration,b2,T
87,administrative,c1,T
88,administrator,c1,T
89,admire,b1,T
90,admission,c1,T
91,admit,b1,T
92,adolescent,c1,T
93,adopt,b2,T
94,adoption,c1,T
95,adult,a1,T
96,advance,b2,T
97,advanced,b1,T
98,advantage,a2,T
99,adventure,a2,T
100,adverse,c1,T
101,advertise,a2,T
102,advertisement,a2,T
103,advertising,a2,T
104,advice,a1,T
105,advise,b1,T
106,advocate,c1,T
107,aesthetic,c1,T
108,affair,b2,T
109,affect,a2,T
110,affection,c1,T
111,afford,b1,T
112,affordable,b2,T
113,afraid,a1,T
114,after,a1,T
115,aftermath,c1,T
116,afternoon,a1,T
117,afterwards,b2,T
118,again,a1,T
119,against,a2,T
120,age,a1,T
121,aged,b1,T
122,agency,b2,T
123,agenda,b2,T
124,agent,b1,T
125,aggression,c1,T
126,aggressive,b2,T
127,ago,a1,T
128,agree,a1,T
129,agreement,b1,T
130,agricultural,c1,T
131,agriculture,b2,T
132,ah,a2,T
133,ahead,b1,T
134,aid,b2,T
135,aide,c1,T
136,aids,b2,T
137,aim,b1,T
138,air,a1,T
139,aircraft,b2,T
140,airline,a2,T
141,airport,a1,T
142,alarm,b1,T
143,albeit,c1,T
144,album,b1,T
145,alcohol,b1,T
146,alcoholic,b1,T
147,alert,c1,T
148,alien,b2,T
149,align,c1,T
150,alignment,c1,T
151,alike,c1,T
152,alive,a2,T
153,all,a1,T
154,all right,a2,T
155,allegation,c1,T
156,allege,c1,T
157,allegedly,c1,T
158,alliance,c1,T
159,allocate,c1,T
160,allocation,c1,T
161,allow,a2,T
162,allowance,c1,T
163,ally,c1,T
164,almost,a2,T
165,alone,a2,T
166,along,a2,T
167,alongside,b2,T
168,already,a2,T
169,also,a1,T
170,alter,b2,T
171,alternative,a2,T
172,although,a2,T
173,altogether,b2,T
174,aluminium,c1,T
175,always,a1,T
176,amateur,c1,T
177,amazed,b1,T
178,amazing,a1,T
179,ambassador,c1,T
180,ambition,b1,T
181,ambitious,b1,T
182,ambulance,b2,T
183,amend,c1,T
184,amendment,c1,T
185,amid,c1,T
186,among,a2,T
187,amount,a2,T
188,amusing,b2,T
189,analogy,c1,T
190,analyse,b1,T
191,analysis,b1,T
192,analyst,b2,T
193,ancestor,b2,T
194,anchor,c1,T
195,ancient,a2,T
196,and,a1,T
197,angel,c1,T
198,anger,b2,T
199,angle,b2,T
200,angry,a1,T
201,animal,a1,T
202,animation,b2,T
203,ankle,a2,T
204,anniversary,b2,T
205,announce,b1,T
206,announcement,b1,T
207,annoy,b1,T
208,annoyed,b1,T
209,annoying,b1,T
210,annual,b2,T
211,annually,b2,T
212,anonymous,c1,T
213,another,a1,T
214,answer,a1,T
215,anticipate,b2,T
216,anxiety,b2,T
217,anxious,b2,T
218,any,a1,T
219,any more,a2,T
220,anybody,a2,T
221,anyone,a1,T
222,anything,a1,T
223,anyway,a2,T
224,anywhere,a2,T
225,apart,b1,T
226,apartment,a1,T
227,apologize,b1,T
228,apology,b2,T
229,app,a2,T
230,apparatus,c1,T
231,apparent,b2,T
232,apparently,b2,T
233,appeal,b2,T
234,appealing,c1,T
235,appear,a2,T
236,appearance,a2,T
237,appetite,c1,T
238,applaud,c1,T
239,apple,a1,T
240,applicable,c1,T
241,applicant,b2,T
242,application,b1,T
243,apply,a2,T
244,appoint,c1,T
245,appointment,b1,T
246,appreciate,b1,T
247,appreciation,c1,T
248,approach,b2,T
249,appropriate,b2,T
250,appropriately,b2,T
251,approval,b2,T
252,approve,b2,T
253,approximately,b1,T
254,april,a1,T
255,arbitrary,c1,T
256,architect,a2,T
257,architectural,c1,T
258,architecture,a2,T
259,archive,c1,T
260,area,a1,T
261,arena,c1,T
262,arguably,c1,T
263,argue,a2,T
264,argument,a2,T
265,arise,b2,T
266,arm,a1,T
267,armed,b2,T
268,arms,b2,T
269,army,a2,T
270,around,a1,T
271,arrange,a2,T
272,arrangement,a2,T
273,array,c1,T
274,arrest,b1,T
275,arrival,b1,T
276,arrive,a1,T
277,arrow,b2,T
278,art,a1,T
279,article,a1,T
280,articulate,c1,T
281,artificial,b2,T
282,artist,a1,T
283,artistic,b2,T
284,artwork,b2,T
285,as,a1,T
286,ash,c1,T
287,ashamed,b2,T
288,aside,b2,T
289,ask,a1,T
290,asleep,a2,T
291,aspect,b2,T
292,aspiration,c1,T
293,aspire,c1,T
294,assassination,c1,T
295,assault,c1,T
296,assemble,c1,T
297,assembly,c1,T
298,assert,c1,T
299,assertion,c1,T
300,assess,b2,T
301,assessment,b2,T
302,asset,b2,T
303,assign,b2,T
304,assignment,b1,T
305,assist,b1,T
306,assistance,b2,T
307,assistant,a2,T
308,associate,b2,T
309,associated,b2,T
310,association,b2,T
311,assume,b2,T
312,assumption,b2,T
313,assurance,c1,T
314,assure,b2,T
315,astonishing,b2,T
316,asylum,c1,T
317,at,a1,T
318,athlete,a2,T
319,atmosphere,b1,T
320,atrocity,c1,T
321,attach,b1,T
322,attachment,b2,T
323,attack,a2,T
324,attain,c1,T
325,attempt,b2,T
326,attend,a2,T
327,attendance,c1,T
328,attention,a2,T
329,attitude,b1,T
330,attorney,c1,T
331,attract,b1,T
332,attraction,b1,T
333,attractive,a2,T
334,attribute,c1,T
335,auction,b2,T
336,audience,a2,T
337,audio,b2,T
338,audit,c1,T
339,august,a1,T
340,aunt,a1,T
341,authentic,c1,T
342,author,a2,T
343,authority,b1,T
344,authorize,c1,T
345,auto,c1,T
346,automatic,b2,T
347,automatically,b2,T
348,autonomy,c1,T
349,autumn,a1,T
350,availability,c1,T
351,available,a2,T
352,average,a2,T
353,avoid,a2,T
354,await,c1,T
355,award,a2,T
356,aware,b1,T
357,awareness,b2,T
358,away,a1,T
359,awful,a2,T
360,awkward,b2,T
361,baby,a1,T
362,back,a1,T
363,backdrop,c1,T
364,background,a2,T
365,backing,c1,T
366,backup,c1,T
367,backwards,b1,T
368,bacteria,b2,T
369,bad,a1,T
370,badge,b2,T
371,badly,a2,T
372,bag,a1,T
373,bail,c1,T
374,bake,b1,T
375,balance,b1,T
376,balanced,b2,T
377,ball,a1,T
378,ballet,b2,T
379,balloon,b2,T
380,ballot,c1,T
381,ban,b1,T
382,banana,a1,T
383,band,a1,T
384,bank,a1,T
385,banner,c1,T
386,bar,a2,T
387,bare,c1,T
388,barely,b2,T
389,bargain,b2,T
390,barrel,c1,T
391,barrier,b2,T
392,base,b1,T
393,baseball,a2,T
394,based,a2,T
395,basement,b2,T
396,basic,b1,T
397,basically,b2,T
398,basis,b1,T
399,basket,b2,T
400,basketball,a2,T
401,bass,c1,T
402,bat,b2,T
403,bath,a1,T
404,bathroom,a1,T
405,battery,b1,T
406,battle,b1,T
407,battlefield,c1,T
408,bay,c1,T
409,be,a1,T
410,beach,a1,T
411,beam,c1,T
412,bean,a2,T
413,bear,a2,T
414,beast,c1,T
415,beat,a2,T
416,beautiful,a1,T
417,beauty,b1,T
418,because,a1,T
419,become,a1,T
420,bed,a1,T
421,bedroom,a1,T
422,bee,b1,T
423,beef,a2,T
424,beer,a1,T
425,before,a1,T
426,beg,b2,T
427,begin,a1,T
428,beginning,a1,T
429,behalf,c1,T
430,behave,a2,T
431,behaviour,a2,T
432,behind,a1,T
433,being,b2,T
434,belief,b1,T
435,believe,a1,T
436,bell,b1,T
437,belong,a2,T
438,beloved,c1,T
439,below,a1,T
440,belt,a2,T
441,bench,c1,T
442,benchmark,c1,T
443,bend,b1,T
444,beneath,c1,T
445,beneficial,b2,T
446,beneficiary,c1,T
447,benefit,a2,T
448,bent,b2,T
449,beside,b2,T
450,besides,b2,T
451,best,a1,T
452,bet,b2,T
453,betray,c1,T
454,better,a1,T
455,between,a1,T
456,beyond,b2,T
457,bias,b2,T
458,bicycle,a1,T
459,bid,b2,T
460,big,a1,T
461,bike,a1,T
462,bill,a1,T
463,billion,a2,T
464,bin,a2,T
465,bind,c1,T
466,biography,c1,T
467,biological,b2,T
468,biology,a2,T
469,bird,a1,T
470,birth,a2,T
471,birthday,a1,T
472,biscuit,a2,T
473,bishop,c1,T
474,bit,a2,T
475,bite,b1,T
476,bitter,b2,T
477,bizarre,c1,T
478,black,a1,T
479,blade,c1,T
480,blame,b2,T
481,blank,a2,T
482,blanket,b2,T
483,blast,c1,T
484,bleed,c1,T
485,blend,c1,T
486,bless,c1,T
487,blessing,c1,T
488,blind,b2,T
489,block,b1,T
490,blog,a1,T
491,blonde,a1,T
492,blood,a2,T
493,blow,a2,T
494,blue,a1,T
495,board,a2,T
496,boast,c1,T
497,boat,a1,T
498,body,a1,T
499,boil,a2,T
500,bold,b2,T
501,bomb,b1,T
502,bombing,b2,T
503,bond,b2,T
504,bone,a2,T
505,bonus,c1,T
506,book,a1,T
507,booking,b2,T
508,boom,c1,T
509,boost,b2,T
510,boot,a1,T
511,border,b1,T
512,bored,a1,T
513,boring,a1,T
514,born,a1,T
515,borrow,a2,T
516,boss,a2,T
517,both,a1,T
518,bother,b1,T
519,bottle,a1,T
520,bottom,a2,T
521,bounce,c1,T
522,bound,b2,T
523,boundary,c1,T
524,bow,c1,T
525,bowl,a2,T
526,box,a1,T
527,boy,a1,T
528,boyfriend,a1,T
529,brain,a2,T
530,branch,b1,T
531,brand,b1,T
532,brave,b1,T
533,breach,c1,T
534,bread,a1,T
535,break,a1,T
536,breakdown,c1,T
537,breakfast,a1,T
538,breakthrough,c1,T
539,breast,b2,T
540,breath,b1,T
541,breathe,b1,T
542,breathing,b1,T
543,breed,c1,T
544,brick,b2,T
545,bride,b1,T
546,bridge,a2,T
547,brief,b2,T
548,briefly,b2,T
549,bright,a2,T
550,brilliant,a2,T
551,bring,a1,T
552,broad,b2,T
553,broadband,c1,T
554,broadcast,b2,T
555,broadcaster,b2,T
556,broadly,b2,T
557,broken,a2,T
558,brother,a1,T
559,brown,a1,T
560,browser,c1,T
561,brush,a2,T
562,brutal,c1,T
563,bubble,b1,T
564,buck,c1,T
565,buddy,c1,T
566,budget,b2,T
567,buffer,c1,T
568,bug,b2,T
569,build,a1,T
570,building,a1,T
571,bulk,c1,T
572,bullet,b2,T
573,bunch,b2,T
574,burden,c1,T
575,bureaucracy,c1,T
576,burial,c1,T
577,burn,a2,T
578,burst,c1,T
579,bury,b1,T
580,bus,a1,T
581,bush,b2,T
582,business,a1,T
583,businessman,a2,T
584,busy,a1,T
585,but,a1,T
586,butter,a1,T
587,button,a2,T
588,buy,a1,T
589,by,a1,T
590,bye,a1,T
591,cabin,b2,T
592,cabinet,c1,T
593,cable,b2,T
594,cafe,a1,T
595,cake,a1,T
596,calculate,b2,T
597,calculation,c1,T
598,call,a1,T
599,calm,b1,T
600,camera,a1,T
601,camp,a2,T
602,campaign,b1,T
603,camping,a2,T
604,campus,b1,T
605,can,a1,T
606,canal,b2,T
607,cancel,b2,T
608,cancer,b2,T
609,candidate,b1,T
610,candle,b2,T
611,cannot,a1,T
612,canvas,c1,T
613,cap,b1,T
614,capability,c1,T
615,capable,b2,T
616,capacity,b2,T
617,capital,a1,T
618,capitalism,c1,T
619,capitalist,c1,T
620,captain,b1,T
621,capture,b2,T
622,car,a1,T
623,carbon,b2,T
624,card,a1,T
625,care,a2,T
626,career,a1,T
627,careful,a2,T
628,carefully,a2,T
629,careless,b1,T
630,cargo,c1,T
631,carpet,a2,T
632,carriage,c1,T
633,carrot,a1,T
634,carry,a1,T
635,cartoon,a2,T
636,carve,c1,T
637,case,a2,T
638,cash,a2,T
639,casino,c1,T
640,cast,b2,T
641,castle,a2,T
642,casual,b2,T
643,casualty,c1,T
644,cat,a1,T
645,catalogue,c1,T
646,catch,a2,T
647,category,b1,T
648,cater,c1,T
649,cattle,c1,T
650,cause,a2,T
651,caution,c1,T
652,cautious,c1,T
653,cave,b2,T
654,cd,a1,T
655,cease,c1,T
656,ceiling,b1,T
657,celebrate,a2,T
658,celebration,b1,T
659,celebrity,a2,T
660,cell,b2,T
661,cemetery,c1,T
662,cent,a1,T
663,central,b1,T
664,centre,a1,T
665,century,a1,T
666,ceremony,b1,T
667,certain,a2,T
668,certainly,a2,T
669,certainty,b2,T
670,certificate,b2,T
671,chain,b1,T
672,chair,a1,T
673,chairman,b2,T
674,challenge,b1,T
675,challenging,b2,T
676,chamber,c1,T
677,champion,b1,T
678,championship,b2,T
679,chance,a2,T
680,change,a1,T
681,channel,b1,T
682,chaos,c1,T
683,chapter,b1,T
684,character,a2,T
685,characteristic,b2,T
686,characterize,c1,T
687,charge,b1,T
688,charity,a2,T
689,charm,c1,T
690,charming,b2,T
691,chart,a1,T
692,charter,c1,T
693,chase,b2,T
694,chat,a2,T
695,cheap,a1,T
696,cheat,b1,T
697,check,a1,T
698,cheek,b2,T
699,cheer,b2,T
700,cheerful,b1,T
701,cheese,a1,T
702,chef,a2,T
703,chemical,b1,T
704,chemistry,a2,T
705,chest,b1,T
706,chicken,a1,T
707,chief,b2,T
708,child,a1,T
709,childhood,b1,T
710,chip,a2,T
711,chocolate,a1,T
712,choice,a2,T
713,choir,b2,T
714,choose,a1,T
715,chop,b2,T
716,chronic,c1,T
717,chunk,c1,T
718,church,a2,T
719,cigarette,a2,T
720,cinema,a1,T
721,circle,a2,T
722,circuit,b2,T
723,circulate,c1,T
724,circulation,c1,T
725,circumstance,b2,T
726,cite,b2,T
727,citizen,b2,T
728,citizenship,c1,T
729,city,a1,T
730,civic,c1,T
731,civil,b2,T
732,civilian,c1,T
733,civilization,b2,T
734,claim,b1,T
735,clarify,b2,T
736,clarity,c1,T
737,clash,c1,T
738,class,a1,T
739,classic,b2,T
740,classical,a2,T
741,classification,c1,T
742,classify,b2,T
743,classroom,a1,T
744,clause,b1,T
745,clean,a1,T
746,clear,a2,T
747,clearly,a2,T
748,clerk,b2,T
749,clever,a2,T
750,click,b1,T
751,client,b1,T
752,cliff,b2,T
753,climate,a2,T
754,climb,a1,T
755,cling,c1,T
756,clinic,b2,T
757,clinical,c1,T
758,clip,b2,T
759,clock,a1,T
760,close,a1,T
761,closed,a2,T
762,closely,b2,T
763,closure,c1,T
764,cloth,b1,T
765,clothes,a1,T
766,clothing,a2,T
767,cloud,a2,T
768,club,a1,T
769,clue,b1,T
770,cluster,c1,T
771,coach,a2,T
772,coal,b1,T
773,coalition,c1,T
774,coast,a2,T
775,coastal,c1,T
776,coat,a1,T
777,cocktail,c1,T
778,code,a2,T
779,coffee,a1,T
780,cognitive,c1,T
781,coin,b1,T
782,coincide,c1,T
783,coincidence,b2,T
784,cold,a1,T
785,collaborate,c1,T
786,collaboration,c1,T
787,collapse,b2,T
788,colleague,a2,T
789,collect,a2,T
790,collection,b1,T
791,collective,c1,T
792,collector,b2,T
793,college,a1,T
794,collision,c1,T
795,colonial,c1,T
796,colony,b2,T
797,colour,a1,T
798,coloured,b1,T
799,colourful,b2,T
800,column,a2,T
801,columnist,c1,T
802,combat,c1,T
803,combination,b2,T
804,combine,b1,T
805,come,a1,T
806,comedy,a2,T
807,comfort,b2,T
808,comfortable,a2,T
809,comic,b2,T
810,command,b2,T
811,commander,b2,T
812,commence,c1,T
813,comment,a2,T
814,commentary,c1,T
815,commentator,c1,T
816,commerce,c1,T
817,commercial,b1,T
818,commission,b2,T
819,commissioner,c1,T
820,commit,b1,T
821,commitment,b2,T
822,committee,b2,T
823,commodity,c1,T
824,common,a1,T
825,commonly,b2,T
826,communicate,a2,T
827,communication,b1,T
828,communist,c1,T
829,community,a2,T
830,companion,c1,T
831,company,a1,T
832,comparable,c1,T
833,comparative,b2,T
834,compare,a1,T
835,comparison,b1,T
836,compassion,c1,T
837,compel,c1,T
838,compelling,c1,T
839,compensate,c1,T
840,compensation,c1,T
841,compete,a2,T
842,competence,c1,T
843,competent,c1,T
844,competition,a2,T
845,competitive,b1,T
846,competitor,b1,T
847,compile,c1,T
848,complain,a2,T
849,complaint,b1,T
850,complement,c1,T
851,complete,a1,T
852,completely,a2,T
853,completion,b2,T
854,complex,b1,T
855,complexity,c1,T
856,compliance,c1,T
857,complicated,b2,T
858,complication,c1,T
859,comply,c1,T
860,component,b2,T
861,compose,b2,T
862,composer,b2,T
863,composition,c1,T
864,compound,b2,T
865,comprehensive,b2,T
866,comprise,b2,T
867,compromise,c1,T
868,compulsory,b2,T
869,compute,c1,T
870,computer,a1,T
871,conceal,c1,T
872,concede,c1,T
873,conceive,c1,T
874,concentrate,b1,T
875,concentration,b2,T
876,concept,b2,T
877,conception,c1,T
878,concern,b2,T
879,concerned,b2,T
880,concert,a1,T
881,concession,c1,T
882,conclude,b1,T
883,conclusion,b1,T
884,concrete,b2,T
885,condemn,c1,T
886,condition,a2,T
887,conduct,b2,T
888,confer,c1,T
889,conference,a2,T
890,confess,b2,T
891,confession,c1,T
892,confidence,b2,T
893,confident,b1,T
894,configuration,c1,T
895,confine,c1,T
896,confirm,b1,T
897,confirmation,c1,T
898,conflict,b2,T
899,confront,c1,T
900,confrontation,c1,T
901,confuse,b1,T
902,confused,b1,T
903,confusing,b2,T
904,confusion,b2,T
905,congratulate,c1,T
906,congregation,c1,T
907,congressional,c1,T
908,connect,a2,T
909,connected,a2,T
910,connection,b1,T
911,conquer,c1,T
912,conscience,c1,T
913,conscious,b2,T
914,consciousness,c1,T
915,consecutive,c1,T
916,consensus,c1,T
917,consent,c1,T
918,consequence,b1,T
919,consequently,b2,T
920,conservation,b2,T
921,conservative,b2,T
922,conserve,c1,T
923,consider,a2,T
924,considerable,b2,T
925,considerably,b2,T
926,consideration,b2,T
927,consist,b1,T
928,consistency,c1,T
929,consistent,b2,T
930,consistently,b2,T
931,consolidate,c1,T
932,conspiracy,b2,T
933,constant,b2,T
934,constantly,b2,T
935,constituency,c1,T
936,constitute,c1,T
937,constitution,c1,T
938,constitutional,c1,T
939,constraint,c1,T
940,construct,b2,T
941,construction,b2,T
942,consult,b2,T
943,consultant,b2,T
944,consultation,c1,T
945,consume,b1,T
946,consumer,b1,T
947,consumption,b2,T
948,contact,b1,T
949,contain,a2,T
950,container,b1,T
951,contemplate,c1,T
952,contemporary,b2,T
953,contempt,c1,T
954,contend,c1,T
955,contender,c1,T
956,content,b1,T
957,contention,c1,T
958,contest,b2,T
959,context,a2,T
960,continent,a2,T
961,continually,c1,T
962,continue,a2,T
963,continuous,b1,T
964,contract,b2,T
965,contractor,c1,T
966,contradiction,c1,T
967,contrary,c1,T
968,contrast,b1,T
969,contribute,b2,T
970,contribution,b2,T
971,contributor,c1,T
972,control,a2,T
973,controversial,b2,T
974,controversy,b2,T
975,convenience,b2,T
976,convenient,b1,T
977,convention,b2,T
978,conventional,b2,T
979,conversation,a1,T
980,conversion,c1,T
981,convert,b2,T
982,convey,b2,T
983,convict,c1,T
984,conviction,c1,T
985,convince,b1,T
986,convinced,b2,T
987,convincing,b2,T
988,cook,a1,T
989,cooker,a2,T
990,cooking,a1,T
991,cool,a1,T
992,cooperate,c1,T
993,cooperative,c1,T
994,coordinate,c1,T
995,coordination,c1,T
996,coordinator,c1,T
997,cop,c1,T
998,cope,b2,T
999,copper,c1,T
1000,copy,a2,T
1001,copyright,c1,T
1002,core,b2,T
1003,corner,a2,T
1004,corporate,b2,T
1005,corporation,b2,T
1006,correct,a1,T
1007,correction,c1,T
1008,correctly,a2,T
1009,correlate,c1,T
1010,correlation,c1,T
1011,correspond,c1,T
1012,correspondence,c1,T
1013,correspondent,c1,T
1014,corresponding,c1,T
1015,corridor,b2,T
1016,corrupt,c1,T
1017,corruption,c1,T
1018,cost,a1,T
1019,costly,c1,T
1020,costume,b1,T
1021,cottage,b1,T
1022,cotton,b1,T
1023,could,a1,T
1024,council,b2,T
1025,councillor,c1,T
1026,counselling,c1,T
1027,counsellor,c1,T
1028,count,a2,T
1029,counter,b2,T
1030,counterpart,c1,T
1031,countless,c1,T
1032,country,a1,T
1033,countryside,b1,T
1034,county,b2,T
1035,coup,c1,T
1036,couple,a2,T
1037,courage,b2,T
1038,course,a1,T
1039,court,b1,T
1040,courtesy,c1,T
1041,cousin,a1,T
1042,cover,a2,T
1043,coverage,b2,T
1044,covered,b1,T
1045,cow,a1,T
1046,crack,b2,T
1047,craft,b2,T
1048,crash,b2,T
1049,crawl,c1,T
1050,crazy,a2,T
1051,cream,a1,T
1052,create,a1,T
1053,creation,b2,T
1054,creative,a2,T
1055,creativity,b2,T
1056,creator,c1,T
1057,creature,b2,T
1058,credibility,c1,T
1059,credible,c1,T
1060,credit,a2,T
1061,creep,c1,T
1062,crew,b2,T
1063,crime,a2,T
1064,criminal,a2,T
1065,crisis,b2,T
1066,criterion,b2,T
1067,critic,b2,T
1068,critical,b2,T
1069,critically,b2,T
1070,criticism,b2,T
1071,criticize,b2,T
1072,critique,c1,T
1073,crop,b2,T
1074,cross,a2,T
1075,crowd,a2,T
1076,crowded,a2,T
1077,crown,c1,T
1078,crucial,b2,T
1079,crude,c1,T
1080,cruel,b1,T
1081,cruise,b2,T
1082,crush,c1,T
1083,cry,a2,T
1084,crystal,c1,T
1085,cue,b2,T
1086,cult,c1,T
1087,cultivate,c1,T
1088,cultural,b1,T
1089,culture,a1,T
1090,cup,a1,T
1091,cupboard,a2,T
1092,cure,b2,T
1093,curiosity,c1,T
1094,curious,b2,T
1095,curly,a2,T
1096,currency,b1,T
1097,current,b1,T
1098,currently,b1,T
1099,curriculum,b2,T
1100,curtain,b1,T
1101,curve,b2,T
1102,curved,b2,T
1103,custody,c1,T
1104,custom,b1,T
1105,customer,a1,T
1106,cut,a1,T
1107,cute,b2,T
1108,cutting,c1,T
1109,cycle,a2,T
1110,cynical,c1,T
1111,dad,a1,T
1112,daily,a2,T
1113,dairy,b2,T
1114,dam,c1,T
1115,damage,b1,T
1116,damaging,c1,T
1117,dance,a1,T
1118,dancer,a1,T
1119,dancing,a1,T
1120,danger,a2,T
1121,dangerous,a1,T
1122,dare,b2,T
1123,dark,a1,T
1124,darkness,b2,T
1125,data,a2,T
1126,database,b2,T
1127,date,a1,T
1128,daughter,a1,T
1129,dawn,c1,T
1130,day,a1,T
1131,dead,a2,T
1132,deadline,b2,T
1133,deadly,b2,T
1134,deal,a2,T
1135,dealer,b2,T
1136,dear,a1,T
1137,death,a2,T
1138,debate,b2,T
1139,debris,c1,T
1140,debt,b2,T
1141,debut,c1,T
1142,decade,b1,T
1143,december,a1,T
1144,decent,b2,T
1145,decide,a1,T
1146,decision,a2,T
1147,decision-making,c1,T
1148,decisive,c1,T
1149,deck,b2,T
1150,declaration,c1,T
1151,declare,b2,T
1152,decline,b2,T
1153,decorate,b1,T
1154,decoration,b2,T
1155,decrease,b2,T
1156,dedicated,c1,T
1157,dedication,c1,T
1158,deed,c1,T
1159,deem,c1,T
1160,deep,a2,T
1161,deeply,b2,T
1162,default,c1,T
1163,defeat,b2,T
1164,defect,c1,T
1165,defence,b2,T
1166,defend,b2,T
1167,defender,b2,T
1168,defensive,c1,T
1169,deficiency,c1,T
1170,deficit,c1,T
1171,define,b1,T
1172,definite,b1,T
1173,definitely,a2,T
1174,definition,b1,T
1175,defy,c1,T
1176,degree,a2,T
1177,delay,b2,T
1178,delegate,c1,T
1179,delegation,c1,T
1180,delete,b2,T
1181,deliberate,b2,T
1182,deliberately,b2,T
1183,delicate,c1,T
1184,delicious,a1,T
1185,delight,b2,T
1186,delighted,b2,T
1187,deliver,b1,T
1188,delivery,b2,T
1189,demand,b2,T
1190,democracy,b2,T
1191,democratic,b2,T
1192,demon,c1,T
1193,demonstrate,b2,T
1194,demonstration,b2,T
1195,denial,c1,T
1196,denounce,c1,T
1197,dense,c1,T
1198,density,c1,T
1199,dentist,a2,T
1200,deny,b2,T
1201,depart,b2,T
1202,department,a2,T
1203,departure,b1,T
1204,depend,a2,T
1205,dependence,c1,T
1206,dependent,b2,T
1207,depict,c1,T
1208,deploy,c1,T
1209,deployment,c1,T
1210,deposit,b2,T
1211,depressed,b2,T
1212,depressing,b2,T
1213,depression,b2,T
1214,deprive,c1,T
1215,depth,b2,T
1216,deputy,c1,T
1217,derive,b2,T
1218,descend,c1,T
1219,descent,c1,T
1220,describe,a1,T
1221,description,a1,T
1222,desert,a2,T
1223,deserve,b2,T
1224,design,a1,T
1225,designate,c1,T
1226,designer,a2,T
1227,desirable,c1,T
1228,desire,b2,T
1229,desk,a1,T
1230,desktop,c1,T
1231,desperate,b2,T
1232,desperately,b2,T
1233,despite,b1,T
1234,destination,b1,T
1235,destroy,a2,T
1236,destruction,b2,T
1237,destructive,c1,T
1238,detail,a1,T
1239,detailed,b2,T
1240,detain,c1,T
1241,detect,b2,T
1242,detection,c1,T
1243,detective,a2,T
1244,detention,c1,T
1245,deteriorate,c1,T
1246,determination,b2,T
1247,determine,b1,T
1248,determined,b1,T
1249,devastate,c1,T
1250,develop,a2,T
1251,development,b1,T
1252,device,a2,T
1253,devil,c1,T
1254,devise,c1,T
1255,devote,b2,T
1256,diagnose,c1,T
1257,diagnosis,c1,T
1258,diagram,b1,T
1259,dialogue,a1,T
1260,diamond,b1,T
1261,diary,a2,T
1262,dictate,c1,T
1263,dictator,c1,T
1264,dictionary,a1,T
1265,die,a1,T
1266,diet,a1,T
1267,differ,b2,T
1268,difference,a1,T
1269,different,a1,T
1270,differentiate,c1,T
1271,differently,a2,T
1272,difficult,a1,T
1273,difficulty,b1,T
1274,dig,b2,T
1275,digital,a2,T
1276,dignity,c1,T
1277,dilemma,c1,T
1278,dimension,c1,T
1279,diminish,c1,T
1280,dinner,a1,T
1281,dip,c1,T
1282,diplomat,c1,T
1283,diplomatic,c1,T
1284,direct,a2,T
1285,direction,a2,T
1286,directly,b1,T
1287,director,a2,T
1288,directory,c1,T
1289,dirt,b1,T
1290,dirty,a1,T
1291,disability,b2,T
1292,disabled,b2,T
1293,disadvantage,b1,T
1294,disagree,a2,T
1295,disagreement,b2,T
1296,disappear,a2,T
1297,disappoint,b2,T
1298,disappointed,b1,T
1299,disappointing,b1,T
1300,disappointment,b2,T
1301,disaster,a2,T
1302,disastrous,c1,T
1303,disc,b2,T
1304,discard,c1,T
1305,discharge,c1,T
1306,discipline,b2,T
1307,disclose,c1,T
1308,disclosure,c1,T
1309,discount,b1,T
1310,discourage,b2,T
1311,discourse,c1,T
1312,discover,a2,T
1313,discovery,a2,T
1314,discretion,c1,T
1315,discrimination,c1,T
1316,discuss,a1,T
1317,discussion,a2,T
1318,disease,a2,T
1319,dish,a1,T
1320,dishonest,b2,T
1321,disk,b2,T
1322,dislike,b1,T
1323,dismiss,b2,T
1324,dismissal,c1,T
1325,disorder,b2,T
1326,displace,c1,T
1327,display,b2,T
1328,disposal,c1,T
1329,dispose,c1,T
1330,dispute,c1,T
1331,disrupt,c1,T
1332,disruption,c1,T
1333,dissolve,c1,T
1334,distance,a2,T
1335,distant,b2,T
1336,distinct,b2,T
1337,distinction,c1,T
1338,distinctive,c1,T
1339,distinguish,b2,T
1340,distort,c1,T
1341,distract,b2,T
1342,distress,c1,T
1343,distribute,b2,T
1344,distribution,b2,T
1345,district,b2,T
1346,disturb,b2,T
1347,disturbing,c1,T
1348,dive,b2,T
1349,diverse,b2,T
1350,diversity,b2,T
1351,divert,c1,T
1352,divide,b1,T
1353,divine,c1,T
1354,division,b2,T
1355,divorce,b2,T
1356,divorced,a2,T
1357,do,a1,T
1358,doctor,a1,T
1359,doctrine,c1,T
1360,document,a2,T
1361,documentary,b1,T
1362,documentation,c1,T
1363,dog,a1,T
1364,dollar,a1,T
1365,domain,c1,T
1366,domestic,b2,T
1367,dominance,c1,T
1368,dominant,b2,T
1369,dominate,b2,T
1370,donate,b1,T
1371,donation,b2,T
1372,donor,c1,T
1373,door,a1,T
1374,dose,c1,T
1375,dot,b2,T
1376,double,a2,T
1377,doubt,b1,T
1378,down,a1,T
1379,download,a2,T
1380,downstairs,a1,T
1381,downtown,b2,T
1382,downwards,b2,T
1383,dozen,b2,T
1384,draft,b2,T
1385,drag,b2,T
1386,drain,c1,T
1387,drama,a2,T
1388,dramatic,b2,T
1389,dramatically,b2,T
1390,draw,a1,T
1391,drawing,a2,T
1392,dream,a2,T
1393,dress,a1,T
1394,dressed,b1,T
1395,drift,c1,T
1396,drink,a1,T
1397,drive,a1,T
1398,driver,a1,T
1399,driving,a2,T
1400,drop,a2,T
1401,drought,b2,T
1402,drown,c1,T
1403,drug,a2,T
1404,drum,b1,T
1405,drunk,b1,T
1406,dry,a2,T
1407,dual,c1,T
1408,dub,c1,T
1409,due,b1,T
1410,dull,b2,T
1411,dumb,c1,T
1412,dump,b2,T
1413,duo,c1,T
1414,duration,b2,T
1415,during,a1,T
1416,dust,b1,T
1417,duty,b1,T
1418,dvd,a1,T
1419,dynamic,b2,T
1420,each,a1,T
1421,eager,c1,T
1422,ear,a1,T
1423,early,a1,T
1424,earn,a2,T
1425,earnings,c1,T
1426,earth,a2,T
1427,earthquake,b1,T
1428,ease,c1,T
1429,easily,a2,T
1430,east,a1,T
1431,eastern,b1,T
1432,easy,a1,T
1433,eat,a1,T
1434,echo,c1,T
1435,ecological,c1,T
1436,economic,b1,T
1437,economics,b2,T
1438,economist,b2,T
1439,economy,b1,T
1440,edge,b1,T
1441,edit,b2,T
1442,edition,b2,T
1443,editor,b1,T
1444,editorial,b2,T
1445,educate,b1,T
1446,educated,b1,T
1447,education,a2,T
1448,educational,b1,T
1449,educator,c1,T
1450,effect,a2,T
1451,effective,b1,T
1452,effectively,b1,T
1453,effectiveness,c1,T
1454,efficiency,c1,T
1455,efficient,b2,T
1456,efficiently,b2,T
1457,effort,b1,T
1458,egg,a1,T
1459,ego,c1,T
1460,eight,a1,T
1461,eighteen,a1,T
1462,eighty,a1,T
1463,either,a2,T
1464,elaborate,c1,T
1465,elbow,b2,T
1466,elderly,b2,T
1467,elect,b2,T
1468,election,b1,T
1469,electoral,c1,T
1470,electric,a2,T
1471,electrical,a2,T
1472,electricity,a2,T
1473,electronic,a2,T
1474,electronics,b2,T
1475,elegant,b2,T
1476,element,b1,T
1477,elementary,b2,T
1478,elephant,a1,T
1479,elevate,c1,T
1480,eleven,a1,T
1481,eligible,c1,T
1482,eliminate,b2,T
1483,elite,c1,T
1484,else,a1,T
1485,elsewhere,b2,T
1486,email,a1,T
1487,embark,c1,T
1488,embarrassed,b1,T
1489,embarrassing,b1,T
1490,embarrassment,c1,T
1491,embassy,c1,T
1492,embed,c1,T
1493,embody,c1,T
1494,embrace,b2,T
1495,emerge,b2,T
1496,emergence,c1,T
1497,emergency,b1,T
1498,emission,b2,T
1499,emotion,b1,T
1500,emotional,b2,T
1501,emotionally,b2,T
1502,emphasis,b2,T
1503,emphasize,b2,T
1504,empire,b2,T
1505,empirical,c1,T
1506,employ,a2,T
1507,employee,a2,T
1508,employer,a2,T
1509,employment,b1,T
1510,empower,c1,T
1511,empty,a2,T
1512,enable,b2,T
1513,enact,c1,T
1514,encompass,c1,T
1515,encounter,b2,T
1516,encourage,b1,T
1517,encouragement,c1,T
1518,encouraging,c1,T
1519,end,a1,T
1520,endeavour,c1,T
1521,ending,a2,T
1522,endless,c1,T
1523,endorse,c1,T
1524,endorsement,c1,T
1525,endure,c1,T
1526,enemy,b1,T
1527,energy,a2,T
1528,enforce,c1,T
1529,enforcement,c1,T
1530,engage,b2,T
1531,engaged,b1,T
1532,engagement,c1,T
1533,engaging,c1,T
1534,engine,a2,T
1535,engineer,a2,T
1536,engineering,b1,T
1537,enhance,b2,T
1538,enjoy,a1,T
1539,enjoyable,b2,T
1540,enormous,a2,T
1541,enough,a1,T
1542,enquire,c1,T
1543,enquiry,b2,T
1544,enrich,c1,T
1545,enrol,c1,T
1546,ensue,c1,T
1547,ensure,b2,T
1548,enter,a2,T
1549,enterprise,c1,T
1550,entertain,b1,T
1551,entertaining,b2,T
1552,entertainment,b1,T
1553,enthusiasm,b2,T
1554,enthusiast,c1,T
1555,enthusiastic,b2,T
1556,entire,b2,T
1557,entirely,b2,T
1558,entitle,c1,T
1559,entity,c1,T
1560,entrance,b1,T
1561,entrepreneur,b2,T
1562,entry,b1,T
1563,envelope,b2,T
1564,environment,a2,T
1565,environmental,b1,T
1566,epidemic,c1,T
1567,episode,b1,T
1568,equal,b1,T
1569,equality,c1,T
1570,equally,b1,T
1571,equation,c1,T
1572,equip,b2,T
1573,equipment,a2,T
1574,equivalent,b2,T
1575,era,b2,T
1576,erect,c1,T
1577,error,a2,T
1578,erupt,b2,T
1579,escalate,c1,T
1580,escape,b1,T
1581,especially,a2,T
1582,essay,a2,T
1583,essence,c1,T
1584,essential,b1,T
1585,essentially,b2,T
1586,establish,b2,T
1587,establishment,c1,T
1588,estate,b2,T
1589,estimate,b2,T
1590,eternal,c1,T
1591,ethic,b2,T
1592,ethical,b2,T
1593,ethnic,b2,T
1594,euro,a1,T
1595,evacuate,c1,T
1596,evaluate,b2,T
1597,evaluation,b2,T
1598,even,a1,T
1599,evening,a1,T
1600,event,a1,T
1601,eventually,b1,T
1602,ever,a1,T
1603,every,a1,T
1604,everybody,a1,T
1605,everyday,a2,T
1606,everyone,a1,T
1607,everything,a1,T
1608,everywhere,a2,T
1609,evidence,a2,T
1610,evident,b2,T
1611,evil,b2,T
1612,evoke,c1,T
1613,evolution,b2,T
1614,evolutionary,c1,T
1615,evolve,b2,T
1616,exact,a2,T
1617,exactly,a2,T
1618,exaggerate,c1,T
1619,exam,a1,T
1620,examination,b2,T
1621,examine,b1,T
1622,example,a1,T
1623,exceed,b2,T
1624,excellence,c1,T
1625,excellent,a2,T
1626,except,a2,T
1627,exception,b2,T
1628,exceptional,c1,T
1629,excess,c1,T
1630,excessive,b2,T
1631,exchange,b1,T
1632,excited,a1,T
1633,excitement,b1,T
1634,exciting,a1,T
1635,exclude,b2,T
1636,exclusion,c1,T
1637,exclusive,c1,T
1638,exclusively,c1,T
1639,excuse,b2,T
1640,execute,c1,T
1641,execution,c1,T
1642,executive,b2,T
1643,exercise,a1,T
1644,exert,c1,T
1645,exhibit,b2,T
1646,exhibition,b1,T
1647,exile,c1,T
1648,exist,a2,T
1649,existence,b2,T
1650,exit,b2,T
1651,exotic,b2,T
1652,expand,b1,T
1653,expansion,b2,T
1654,expect,a2,T
1655,expectation,b2,T
1656,expected,b1,T
1657,expedition,b1,T
1658,expenditure,c1,T
1659,expense,b2,T
1660,expensive,a1,T
1661,experience,a2,T
1662,experienced,b1,T
1663,experiment,a2,T
1664,experimental,c1,T
1665,expert,a2,T
1666,expertise,b2,T
1667,expire,c1,T
1668,explain,a1,T
1669,explanation,a2,T
1670,explicit,c1,T
1671,explicitly,c1,T
1672,explode,b1,T
1673,exploit,b2,T
1674,exploitation,c1,T
1675,exploration,b2,T
1676,explore,b1,T
1677,explosion,b1,T
1678,explosive,c1,T
1679,export,b1,T
1680,expose,b2,T
1681,exposure,b2,T
1682,express,a2,T
1683,expression,a2,T
1684,extend,b2,T
1685,extension,b2,T
1686,extensive,b2,T
1687,extensively,b2,T
1688,extent,b2,T
1689,external,b2,T
1690,extra,a1,T
1691,extract,b2,T
1692,extraordinary,b2,T
1693,extreme,a2,T
1694,extremely,a2,T
1695,extremist,c1,T
1696,eye,a1,T
1697,fabric,b2,T
1698,fabulous,b2,T
1699,face,a1,T
1700,facilitate,c1,T
1701,facility,b2,T
1702,fact,a1,T
1703,faction,c1,T
1704,factor,a2,T
1705,factory,a2,T
1706,faculty,c1,T
1707,fade,c1,T
1708,fail,a2,T
1709,failed,b2,T
1710,failure,b2,T
1711,fair,a2,T
1712,fairly,b1,T
1713,fairness,c1,T
1714,faith,b2,T
1715,fake,b2,T
1716,fall,a1,T
1717,false,a1,T
1718,fame,b2,T
1719,familiar,b1,T
1720,family,a1,T
1721,famous,a1,T
1722,fan,a2,T
1723,fancy,b1,T
1724,fantastic,a1,T
1725,fantasy,b2,T
1726,far,a1,T
1727,fare,b2,T
1728,farm,a1,T
1729,farmer,a1,T
1730,farming,a2,T
1731,fascinating,b1,T
1732,fashion,a2,T
1733,fashionable,b1,T
1734,fast,a1,T
1735,fasten,b1,T
1736,fat,a1,T
1737,fatal,c1,T
1738,fate,c1,T
1739,father,a1,T
1740,fault,b2,T
1741,favour,b1,T
1742,favourable,c1,T
1743,favourite,a1,T
1744,fear,a2,T
1745,feat,c1,T
1746,feather,b2,T
1747,feature,a2,T
1748,february,a1,T
1749,federal,b2,T
1750,fee,b2,T
1751,feed,a2,T
1752,feedback,b2,T
1753,feel,a1,T
1754,feeling,a1,T
1755,fellow,b2,T
1756,female,a2,T
1757,feminist,c1,T
1758,fence,b1,T
1759,festival,a1,T
1760,fever,b2,T
1761,few,a1,T
1762,fibre,c1,T
1763,fiction,a2,T
1764,field,a2,T
1765,fierce,c1,T
1766,fifteen,a1,T
1767,fifth,a1,T
1768,fifty,a1,T
1769,fight,a2,T
1770,fighting,b1,T
1771,figure,a2,T
1772,file,b1,T
1773,fill,a1,T
1774,film,a1,T
1775,film-maker,c1,T
1776,filter,c1,T
1777,final,a1,T
1778,finally,a2,T
1779,finance,b2,T
1780,financial,b1,T
1781,find,a1,T
1782,finding,b2,T
1783,fine,a1,T
1784,finger,a2,T
1785,finish,a1,T
1786,fire,a1,T
1787,firearm,c1,T
1788,firefighter,b2,T
1789,firework,b2,T
1790,firm,b2,T
1791,firmly,b2,T
1792,first,a1,T
1793,firstly,a2,T
1794,fish,a1,T
1795,fishing,a2,T
1796,fit,a2,T
1797,fitness,b1,T
1798,five,a1,T
1799,fix,a2,T
1800,fixed,b1,T
1801,fixture,c1,T
1802,flag,b1,T
1803,flame,b2,T
1804,flash,b2,T
1805,flat,a1,T
1806,flavour,b2,T
1807,flaw,c1,T
1808,flawed,c1,T
1809,flee,c1,T
1810,fleet,c1,T
1811,flesh,c1,T
1812,flexibility,c1,T
1813,flexible,b2,T
1814,flight,a1,T
1815,float,b2,T
1816,flood,b1,T
1817,floor,a1,T
1818,flour,b1,T
1819,flourish,c1,T
1820,flow,b1,T
1821,flower,a1,T
1822,flu,a2,T
1823,fluid,c1,T
1824,fly,a1,T
1825,flying,a2,T
1826,focus,a2,T
1827,fold,b1,T
1828,folding,b2,T
1829,folk,b1,T
1830,follow,a1,T
1831,following,a2,T
1832,fond,b2,T
1833,food,a1,T
1834,fool,b2,T
1835,foot,a1,T
1836,footage,c1,T
1837,football,a1,T
1838,for,a1,T
1839,forbid,b2,T
1840,force,b1,T
1841,forecast,b2,T
1842,foreign,a2,T
1843,foreigner,c1,T
1844,forest,a2,T
1845,forever,b1,T
1846,forge,c1,T
1847,forget,a1,T
1848,forgive,b2,T
1849,fork,a2,T
1850,form,a1,T
1851,formal,a2,T
1852,format,b2,T
1853,formation,b2,T
1854,former,b2,T
1855,formerly,b2,T
1856,formula,c1,T
1857,formulate,c1,T
1858,forth,c1,T
1859,forthcoming,c1,T
1860,fortunate,b2,T
1861,fortunately,a2,T
1862,fortune,b2,T
1863,forty,a1,T
1864,forum,b2,T
1865,forward,a2,T
1866,fossil,b2,T
1867,foster,c1,T
1868,found,b2,T
1869,foundation,b2,T
1870,founder,b2,T
1871,four,a1,T
1872,fourteen,a1,T
1873,fourth,a1,T
1874,fraction,b2,T
1875,fragile,c1,T
1876,fragment,b2,T
1877,frame,b1,T
1878,framework,b2,T
1879,franchise,c1,T
1880,frankly,c1,T
1881,fraud,b2,T
1882,free,a1,T
1883,freedom,b2,T
1884,freely,b2,T
1885,freeze,b1,T
1886,frequency,b2,T
1887,frequent,b2,T
1888,frequently,b1,T
1889,fresh,a2,T
1890,friday,a1,T
1891,fridge,a2,T
1892,friend,a1,T
1893,friendly,a1,T
1894,friendship,b1,T
1895,frighten,b1,T
1896,frightened,b1,T
1897,frightening,b1,T
1898,frog,a2,T
1899,from,a1,T
1900,front,a1,T
1901,frozen,b1,T
1902,fruit,a1,T
1903,frustrated,c1,T
1904,frustrating,c1,T
1905,frustration,c1,T
1906,fry,b1,T
1907,fuel,b1,T
1908,fulfil,b2,T
1909,full,a1,T
1910,full-time,b2,T
1911,fully,b2,T
1912,fun,a1,T
1913,function,b1,T
1914,functional,c1,T
1915,fund,b2,T
1916,fundamental,b2,T
1917,fundamentally,b2,T
1918,funding,b2,T
1919,fundraising,c1,T
1920,funeral,c1,T
1921,funny,a1,T
1922,fur,b1,T
1923,furious,b2,T
1924,furniture,a2,T
1925,further,a2,T
1926,furthermore,b2,T
1927,future,a1,T
1928,gain,b2,T
1929,gallery,a2,T
1930,gallon,c1,T
1931,gambling,c1,T
1932,game,a1,T
1933,gaming,b2,T
1934,gang,b2,T
1935,gap,a2,T
1936,garage,b1,T
1937,garden,a1,T
1938,gas,a2,T
1939,gate,a2,T
1940,gather,b1,T
1941,gathering,c1,T
1942,gay,b2,T
1943,gaze,c1,T
1944,gear,c1,T
1945,gender,b2,T
1946,gene,b2,T
1947,general,a2,T
1948,generally,b1,T
1949,generate,b2,T
1950,generation,b1,T
1951,generic,c1,T
1952,generous,b1,T
1953,genetic,b2,T
1954,genius,b2,T
1955,genocide,c1,T
1956,genre,b2,T
1957,gentle,b1,T
1958,gentleman,b1,T
1959,genuine,b2,T
1960,genuinely,b2,T
1961,geography,a1,T
1962,gesture,b2,T
1963,get,a1,T
1964,ghost,b1,T
1965,giant,b1,T
1966,gift,a2,T
1967,gig,b2,T
1968,girl,a1,T
1969,girlfriend,a1,T
1970,give,a1,T
1971,glad,b1,T
1972,glance,c1,T
1973,glass,a1,T
1974,glimpse,c1,T
1975,global,b1,T
1976,globalization,b2,T
1977,globe,b2,T
1978,glorious,c1,T
1979,glory,c1,T
1980,glove,b1,T
1981,go,a1,T
1982,goal,a2,T
1983,god,a2,T
1984,gold,a2,T
1985,golden,b2,T
1986,golf,a2,T
1987,good,a1,T
1988,goodbye,a1,T
1989,goodness,b2,T
1990,goods,b1,T
1991,gorgeous,b2,T
1992,govern,b2,T
1993,governance,c1,T
1994,government,a2,T
1995,governor,b2,T
1996,grab,b2,T
1997,grace,c1,T
1998,grade,b1,T
1999,gradually,b2,T
2000,graduate,b1,T
2001,grain,b1,T
2002,grand,b2,T
2003,grandfather,a1,T
2004,grandmother,a1,T
2005,grandparent,a1,T
2006,grant,b2,T
2007,graphic,b2,T
2008,graphics,b2,T
2009,grasp,c1,T
2010,grass,a2,T
2011,grateful,b1,T
2012,grave,c1,T
2013,gravity,c1,T
2014,great,a1,T
2015,greatly,b2,T
2016,green,a1,T
2017,greenhouse,b2,T
2018,greet,a2,T
2019,grey,a1,T
2020,grid,c1,T
2021,grief,c1,T
2022,grin,c1,T
2023,grind,c1,T
2024,grip,c1,T
2025,grocery,b2,T
2026,gross,c1,T
2027,ground,a2,T
2028,group,a1,T
2029,grow,a1,T
2030,growth,b1,T
2031,guarantee,b2,T
2032,guard,b1,T
2033,guerrilla,c1,T
2034,guess,a1,T
2035,guest,a2,T
2036,guidance,c1,T
2037,guide,a2,T
2038,guideline,b2,T
2039,guilt,c1,T
2040,guilty,b1,T
2041,guitar,a1,T
2042,gun,a2,T
2043,gut,c1,T
2044,guy,a2,T
2045,gym,a1,T
2046,habit,a2,T
2047,habitat,b2,T
2048,hail,c1,T
2049,hair,a1,T
2050,half,a1,T
2051,halfway,c1,T
2052,hall,a2,T
2053,halt,c1,T
2054,hand,a1,T
2055,handful,c1,T
2056,handle,b2,T
2057,handling,c1,T
2058,handy,c1,T
2059,hang,b1,T
2060,happen,a1,T
2061,happily,a2,T
2062,happiness,b1,T
2063,happy,a1,T
2064,harassment,c1,T
2065,harbour,b2,T
2066,hard,a1,T
2067,hardly,b1,T
2068,hardware,c1,T
2069,harm,b2,T
2070,harmful,b2,T
2071,harmony,c1,T
2072,harsh,c1,T
2073,harvest,c1,T
2074,hat,a1,T
2075,hate,a1,T
2076,hatred,c1,T
2077,haunt,c1,T
2078,have,a1,T
2079,have to,a1,T
2080,hazard,c1,T
2081,he,a1,T
2082,head,a1,T
2083,headache,a2,T
2084,headline,b1,T
2085,headquarters,b2,T
2086,heal,b2,T
2087,health,a1,T
2088,healthcare,b2,T
2089,healthy,a1,T
2090,hear,a1,T
2091,hearing,b2,T
2092,heart,a2,T
2093,heat,a2,T
2094,heating,b1,T
2095,heaven,b2,T
2096,heavily,b1,T
2097,heavy,a2,T
2098,heel,b2,T
2099,height,a2,T
2100,heighten,c1,T
2101,helicopter,b1,T
2102,hell,b2,T
2103,hello,a1,T
2104,helmet,b2,T
2105,help,a1,T
2106,helpful,a2,T
2107,hence,b2,T
2108,her,a1,T
2109,herb,b2,T
2110,here,a1,T
2111,heritage,c1,T
2112,hero,a2,T
2113,hers,a2,T
2114,herself,a2,T
2115,hesitate,b2,T
2116,hey,a1,T
2117,hi,a1,T
2118,hidden,b2,T
2119,hide,a2,T
2120,hierarchy,c1,T
2121,high,a1,T
2122,high-profile,c1,T
2123,highlight,b1,T
2124,highly,b1,T
2125,highway,b2,T
2126,hilarious,b2,T
2127,hill,a2,T
2128,him,a1,T
2129,himself,a2,T
2130,hint,c1,T
2131,hip,b2,T
2132,hire,b1,T
2133,his,a1,T
2134,historian,b2,T
2135,historic,b1,T
2136,historical,b1,T
2137,history,a1,T
2138,hit,a2,T
2139,hobby,a1,T
2140,hockey,a2,T
2141,hold,a2,T
2142,hole,a2,T
2143,holiday,a1,T
2144,hollow,b2,T
2145,holy,b2,T
2146,home,a1,T
2147,homeland,c1,T
2148,homeless,b2,T
2149,homework,a1,T
2150,honest,b1,T
2151,honesty,b2,T
2152,honour,b2,T
2153,hook,b2,T
2154,hope,a1,T
2155,hopeful,c1,T
2156,hopefully,b2,T
2157,horizon,c1,T
2158,horn,c1,T
2159,horrible,b1,T
2160,horror,b1,T
2161,horse,a1,T
2162,hospital,a1,T
2163,host,b1,T
2164,hostage,c1,T
2165,hostile,c1,T
2166,hostility,c1,T
2167,hot,a1,T
2168,hotel,a1,T
2169,hour,a1,T
2170,house,a1,T
2171,household,b2,T
2172,housing,b2,T
2173,how,a1,T
2174,however,a1,T
2175,huge,a2,T
2176,human,a2,T
2177,humanitarian,c1,T
2178,humanity,c1,T
2179,humble,c1,T
2180,humorous,b2,T
2181,humour,b2,T
2182,hundred,a1,T
2183,hunger,b2,T
2184,hungry,a1,T
2185,hunt,b1,T
2186,hunting,b2,T
2187,hurricane,b1,T
2188,hurry,b1,T
2189,hurt,a2,T
2190,husband,a1,T
2191,hydrogen,c1,T
2192,hypothesis,b2,T
2193,i,a1,T
2194,ice,a1,T
2195,ice cream,a1,T
2196,icon,b2,T
2197,id,b2,T
2198,idea,a1,T
2199,ideal,a2,T
2200,identical,b2,T
2201,identification,c1,T
2202,identify,a2,T
2203,identity,b1,T
2204,ideological,c1,T
2205,ideology,c1,T
2206,idiot,c1,T
2207,if,a1,T
2208,ignorance,c1,T
2209,ignore,b1,T
2210,ill,a2,T
2211,illegal,b1,T
2212,illness,a2,T
2213,illusion,b2,T
2214,illustrate,b2,T
2215,illustration,b2,T
2216,image,a2,T
2217,imagery,c1,T
2218,imaginary,b1,T
2219,imagination,b2,T
2220,imagine,a1,T
2221,immediate,b1,T
2222,immediately,a2,T
2223,immense,c1,T
2224,immigrant,b1,T
2225,immigration,b2,T
2226,imminent,c1,T
2227,immune,b2,T
2228,impact,b1,T
2229,impatient,b2,T
2230,implement,b2,T
2231,implementation,c1,T
2232,implication,b2,T
2233,imply,b2,T
2234,import,b1,T
2235,importance,b1,T
2236,important,a1,T
2237,impose,b2,T
2238,impossible,a2,T
2239,impress,b2,T
2240,impressed,b2,T
2241,impression,b1,T
2242,impressive,b1,T
2243,imprison,c1,T
2244,imprisonment,c1,T
2245,improve,a1,T
2246,improvement,b1,T
2247,in,a1,T
2248,inability,c1,T
2249,inadequate,c1,T
2250,inappropriate,c1,T
2251,incentive,b2,T
2252,inch,b2,T
2253,incidence,c1,T
2254,incident,b2,T
2255,inclined,c1,T
2256,include,a1,T
2257,included,a2,T
2258,including,a2,T
2259,inclusion,c1,T
2260,income,b2,T
2261,incorporate,b2,T
2262,incorrect,b2,T
2263,increase,a2,T
2264,increasingly,b2,T
2265,incredible,a2,T
2266,incredibly,b1,T
2267,incur,c1,T
2268,indeed,b1,T
2269,independence,b2,T
2270,independent,a2,T
2271,index,b2,T
2272,indicate,b1,T
2273,indication,b2,T
2274,indicator,c1,T
2275,indictment,c1,T
2276,indigenous,c1,T
2277,indirect,b1,T
2278,individual,a2,T
2279,indoor,b1,T
2280,indoors,b1,T
2281,induce,c1,T
2282,indulge,c1,T
2283,industrial,b2,T
2284,industry,a2,T
2285,inequality,c1,T
2286,inevitable,b2,T
2287,inevitably,b2,T
2288,infamous,c1,T
2289,infant,c1,T
2290,infect,c1,T
2291,infection,b2,T
2292,infer,b2,T
2293,inflation,b2,T
2294,inflict,c1,T
2295,influence,b1,T
2296,influential,c1,T
2297,info,b2,T
2298,inform,b2,T
2299,informal,a2,T
2300,information,a1,T
2301,infrastructure,b2,T
2302,ingredient,b1,T
2303,inhabitant,b2,T
2304,inherent,c1,T
2305,inherit,b2,T
2306,inhibit,c1,T
2307,initial,b2,T
2308,initially,b2,T
2309,initiate,c1,T
2310,initiative,b2,T
2311,inject,c1,T
2312,injection,c1,T
2313,injure,b1,T
2314,injured,b1,T
2315,injury,a2,T
2316,injustice,c1,T
2317,ink,b2,T
2318,inmate,c1,T
2319,inner,b2,T
2320,innocent,b1,T
2321,innovation,b2,T
2322,innovative,b2,T
2323,input,b2,T
2324,inquiry,b2,T
2325,insect,a2,T
2326,insert,b2,T
2327,insertion,c1,T
2328,inside,a2,T
2329,insider,c1,T
2330,insight,b2,T
2331,insist,b2,T
2332,inspect,c1,T
2333,inspection,c1,T
2334,inspector,b2,T
2335,inspiration,c1,T
2336,inspire,b2,T
2337,install,b2,T
2338,installation,b2,T
2339,instance,b2,T
2340,instant,b2,T
2341,instantly,b2,T
2342,instead,a2,T
2343,instinct,c1,T
2344,institute,b2,T
2345,institution,b2,T
2346,institutional,c1,T
2347,instruct,c1,T
2348,instruction,a2,T
2349,instructor,a2,T
2350,instrument,a2,T
2351,instrumental,c1,T
2352,insufficient,c1,T
2353,insult,c1,T
2354,insurance,b2,T
2355,intact,c1,T
2356,intake,c1,T
2357,integral,c1,T
2358,integrate,b2,T
2359,integrated,c1,T
2360,integration,c1,T
2361,integrity,c1,T
2362,intellectual,b2,T
2363,intelligence,b1,T
2364,intelligent,a2,T
2365,intend,b1,T
2366,intended,b2,T
2367,intense,b2,T
2368,intensify,c1,T
2369,intensity,c1,T
2370,intensive,c1,T
2371,intent,c1,T
2372,intention,b1,T
2373,interact,b2,T
2374,interaction,b2,T
2375,interactive,c1,T
2376,interest,a1,T
2377,interested,a1,T
2378,interesting,a1,T
2379,interface,c1,T
2380,interfere,c1,T
2381,interference,c1,T
2382,interim,c1,T
2383,interior,c1,T
2384,intermediate,c1,T
2385,internal,b2,T
2386,international,a2,T
2387,internet,a1,T
2388,interpret,b2,T
2389,interpretation,b2,T
2390,interrupt,b2,T
2391,interval,b2,T
2392,intervene,c1,T
2393,intervention,c1,T
2394,interview,a1,T
2395,intimate,c1,T
2396,into,a1,T
2397,intriguing,c1,T
2398,introduce,a1,T
2399,introduction,a2,T
2400,invade,b2,T
2401,invasion,b2,T
2402,invent,a2,T
2403,invention,a2,T
2404,invest,b1,T
2405,investigate,b1,T
2406,investigation,b2,T
2407,investigator,c1,T
2408,investment,b2,T
2409,investor,b2,T
2410,invisible,c1,T
2411,invitation,a2,T
2412,invite,a2,T
2413,invoke,c1,T
2414,involve,a2,T
2415,involved,b1,T
2416,involvement,c1,T
2417,iron,b1,T
2418,ironic,c1,T
2419,ironically,c1,T
2420,irony,c1,T
2421,irrelevant,c1,T
2422,island,a1,T
2423,isolate,b2,T
2424,isolated,b2,T
2425,isolation,c1,T
2426,issue,b1,T
2427,it,a1,T
2428,item,a2,T
2429,its,a1,T
2430,itself,a2,T
2431,jacket,a1,T
2432,jail,b2,T
2433,jam,a2,T
2434,january,a1,T
2435,jazz,a2,T
2436,jeans,a1,T
2437,jet,b2,T
2438,jewellery,a2,T
2439,job,a1,T
2440,join,a1,T
2441,joint,b2,T
2442,joke,a2,T
2443,journal,b1,T
2444,journalism,b2,T
2445,journalist,a2,T
2446,journey,a1,T
2447,joy,b2,T
2448,judge,b1,T
2449,judgement,b2,T
2450,judicial,c1,T
2451,juice,a1,T
2452,july,a1,T
2453,jump,a2,T
2454,junction,c1,T
2455,june,a1,T
2456,junior,b2,T
2457,jurisdiction,c1,T
2458,jury,b2,T
2459,just,a1,T
2460,justice,b2,T
2461,justification,c1,T
2462,justify,b2,T
2463,keen,b1,T
2464,keep,a1,T
2465,key,a1,T
2466,keyboard,b1,T
2467,kick,b1,T
2468,kid,a2,T
2469,kidnap,c1,T
2470,kidney,c1,T
2471,kill,a2,T
2472,killing,b1,T
2473,kilometre,a1,T
2474,kind,a1,T
2475,king,a2,T
2476,kingdom,c1,T
2477,kiss,b1,T
2478,kit,b2,T
2479,kitchen,a1,T
2480,knee,a2,T
2481,knife,a2,T
2482,knock,a2,T
2483,know,a1,T
2484,knowledge,a2,T
2485,lab,a2,T
2486,label,b1,T
2487,laboratory,b1,T
2488,labour,b2,T
2489,lack,b1,T
2490,lad,c1,T
2491,ladder,b2,T
2492,lady,a2,T
2493,lake,a2,T
2494,lamp,a2,T
2495,land,a1,T
2496,landing,b2,T
2497,landlord,c1,T
2498,landmark,c1,T
2499,landscape,b2,T
2500,lane,b2,T
2501,language,a1,T
2502,lap,c1,T
2503,laptop,a2,T
2504,large,a1,T
2505,large-scale,c1,T
2506,largely,b2,T
2507,laser,c1,T
2508,last,a1,T
2509,late,a1,T
2510,lately,b2,T
2511,later,a1,T
2512,latest,b1,T
2513,latter,c1,T
2514,laugh,a1,T
2515,laughter,a2,T
2516,launch,b2,T
2517,law,a2,T
2518,lawn,c1,T
2519,lawsuit,c1,T
2520,lawyer,a2,T
2521,lay,b1,T
2522,layer,b1,T
2523,layout,c1,T
2524,lazy,a2,T
2525,lead,a2,T
2526,leader,a2,T
2527,leadership,b2,T
2528,leading,b1,T
2529,leaf,b1,T
2530,leaflet,b2,T
2531,league,b2,T
2532,leak,c1,T
2533,lean,b2,T
2534,leap,c1,T
2535,learn,a1,T
2536,learning,a2,T
2537,least,a2,T
2538,leather,b1,T
2539,leave,a1,T
2540,lecture,a2,T
2541,left,a1,T
2542,leg,a1,T
2543,legacy,c1,T
2544,legal,b1,T
2545,legend,b2,T
2546,legendary,c1,T
2547,legislation,c1,T
2548,legislative,c1,T
2549,legislature,c1,T
2550,legitimate,c1,T
2551,leisure,b1,T
2552,lemon,a2,T
2553,lend,a2,T
2554,length,b1,T
2555,lengthy,c1,T
2556,lens,b2,T
2557,lesbian,c1,T
2558,less,a2,T
2559,lesser,c1,T
2560,lesson,a1,T
2561,let,a1,T
2562,lethal,c1,T
2563,letter,a1,T
2564,level,a2,T
2565,liable,c1,T
2566,liberal,c1,T
2567,liberation,c1,T
2568,liberty,c1,T
2569,library,a1,T
2570,licence,b2,T
2571,license,c1,T
2572,lie,a1,T
2573,life,a1,T
2574,lifelong,c1,T
2575,lifestyle,a2,T
2576,lifetime,b2,T
2577,lift,a2,T
2578,light,a1,T
2579,lighting,b2,T
2580,like,a1,T
2581,likelihood,c1,T
2582,likely,a2,T
2583,likewise,b2,T
2584,limb,c1,T
2585,limit,b1,T
2586,limitation,b2,T
2587,limited,b2,T
2588,line,a1,T
2589,line-up,c1,T
2590,linear,c1,T
2591,linger,c1,T
2592,link,a2,T
2593,lion,a1,T
2594,lip,b1,T
2595,liquid,b1,T
2596,list,a1,T
2597,listen,a1,T
2598,listener,a2,T
2599,listing,c1,T
2600,literacy,c1,T
2601,literally,b2,T
2602,literary,b2,T
2603,literature,b1,T
2604,litre,b2,T
2605,litter,b2,T
2606,little,a1,T
2607,live,a1,T
2608,lively,b2,T
2609,liver,c1,T
2610,living,b1,T
2611,load,b2,T
2612,loan,b2,T
2613,lobby,c1,T
2614,local,a1,T
2615,locate,b1,T
2616,located,b1,T
2617,location,b1,T
2618,lock,a2,T
2619,log,c1,T
2620,logic,c1,T
2621,logical,b2,T
2622,logo,b2,T
2623,lonely,b1,T
2624,long,a1,T
2625,long-standing,c1,T
2626,long-term,b2,T
2627,long-time,c1,T
2628,look,a1,T
2629,loom,c1,T
2630,loop,c1,T
2631,loose,b2,T
2632,lord,b2,T
2633,lorry,a2,T
2634,lose,a1,T
2635,loss,b1,T
2636,lost,a2,T
2637,lot,a1,T
2638,lottery,b2,T
2639,loud,a2,T
2640,loudly,a2,T
2641,love,a1,T
2642,lovely,a2,T
2643,low,a2,T
2644,lower,b2,T
2645,loyal,b2,T
2646,loyalty,c1,T
2647,luck,a2,T
2648,lucky,a2,T
2649,lunch,a1,T
2650,lung,b2,T
2651,luxury,b1,T
2652,lyric,b2,T
2653,machine,a1,T
2654,machinery,c1,T
2655,mad,b1,T
2656,magazine,a1,T
2657,magic,b1,T
2658,magical,c1,T
2659,magistrate,c1,T
2660,magnetic,c1,T
2661,magnificent,b2,T
2662,magnitude,c1,T
2663,mail,a2,T
2664,main,a1,T
2665,mainland,c1,T
2666,mainly,b1,T
2667,mainstream,c1,T
2668,maintain,b2,T
2669,maintenance,c1,T
2670,major,a2,T
2671,majority,b2,T
2672,make,a1,T
2673,make-up,b2,T
2674,making,b2,T
2675,male,a2,T
2676,mall,b1,T
2677,man,a1,T
2678,manage,a2,T
2679,management,b1,T
2680,manager,a2,T
2681,mandate,c1,T
2682,mandatory,c1,T
2683,manifest,c1,T
2684,manipulate,c1,T
2685,manipulation,c1,T
2686,manner,a2,T
2687,manufacture,b2,T
2688,manufacturing,b2,T
2689,manuscript,c1,T
2690,many,a1,T
2691,map,a1,T
2692,marathon,b2,T
2693,march,a1,T
2694,margin,b2,T
2695,marginal,c1,T
2696,marine,c1,T
2697,mark,a2,T
2698,marker,b2,T
2699,market,a1,T
2700,marketing,b1,T
2701,marketplace,c1,T
2702,marriage,b1,T
2703,married,a1,T
2704,marry,a2,T
2705,martial,b2,T
2706,mask,c1,T
2707,mass,b2,T
2708,massacre,c1,T
2709,massive,b2,T
2710,master,b2,T
2711,match,a1,T
2712,matching,b2,T
2713,mate,b2,T
2714,material,a2,T
2715,mathematical,c1,T
2716,mathematics,a2,T
2717,maths,a2,T
2718,matter,a2,T
2719,mature,c1,T
2720,maximize,c1,T
2721,maximum,b2,T
2722,may,a1,T
2723,maybe,a1,T
2724,mayor,b2,T
2725,me,a1,T
2726,meal,a1,T
2727,mean,a1,T
2728,meaning,a1,T
2729,meaningful,c1,T
2730,means,b2,T
2731,meantime,c1,T
2732,meanwhile,b1,T
2733,measure,b1,T
2734,measurement,b2,T
2735,meat,a1,T
2736,mechanic,b2,T
2737,mechanical,b2,T
2738,mechanism,b2,T
2739,medal,b2,T
2740,media,a2,T
2741,medical,a2,T
2742,medication,b2,T
2743,medicine,a2,T
2744,medieval,c1,T
2745,meditation,c1,T
2746,medium,b1,T
2747,meet,a1,T
2748,meeting,a1,T
2749,melody,c1,T
2750,melt,b2,T
2751,member,a1,T
2752,membership,b2,T
2753,memo,c1,T
2754,memoir,c1,T
2755,memorable,b2,T
2756,memorial,c1,T
2757,memory,a2,T
2758,mental,b1,T
2759,mention,a2,T
2760,mentor,c1,T
2761,menu,a1,T
2762,merchant,c1,T
2763,mercy,c1,T
2764,mere,c1,T
2765,merely,c1,T
2766,merge,c1,T
2767,merger,c1,T
2768,merit,c1,T
2769,mess,b1,T
2770,message,a1,T
2771,metal,a2,T
2772,metaphor,b2,T
2773,method,a2,T
2774,methodology,c1,T
2775,metre,a1,T
2776,middle,a2,T
2777,midnight,a1,T
2778,midst,c1,T
2779,might,a2,T
2780,migration,c1,T
2781,mild,b1,T
2782,mile,a1,T
2783,militant,c1,T
2784,military,b2,T
2785,militia,c1,T
2786,milk,a1,T
2787,mill,c1,T
2788,million,a1,T
2789,mind,a2,T
2790,mine,a2,T
2791,miner,b2,T
2792,mineral,b2,T
2793,minimal,c1,T
2794,minimize,c1,T
2795,minimum,b2,T
2796,mining,c1,T
2797,minister,b2,T
2798,ministry,c1,T
2799,minor,b2,T
2800,minority,b2,T
2801,minute,a1,T
2802,miracle,c1,T
2803,mirror,a2,T
2804,miserable,b2,T
2805,misery,c1,T
2806,misleading,c1,T
2807,miss,a1,T
2808,missile,c1,T
2809,missing,a2,T
2810,mission,b2,T
2811,mistake,a1,T
2812,mix,b1,T
2813,mixed,b2,T
2814,mixture,b1,T
2815,mob,c1,T
2816,mobile,a2,T
2817,mobility,c1,T
2818,mobilize,c1,T
2819,mode,b2,T
2820,model,a1,T
2821,moderate,c1,T
2822,modern,a1,T
2823,modest,b2,T
2824,modification,c1,T
2825,modify,b2,T
2826,moment,a1,T
2827,momentum,c1,T
2828,monday,a1,T
2829,money,a1,T
2830,monitor,b2,T
2831,monk,c1,T
2832,monkey,a2,T
2833,monopoly,c1,T
2834,monster,b2,T
2835,month,a1,T
2836,monthly,b2,T
2837,monument,b2,T
2838,mood,b1,T
2839,moon,a2,T
2840,moral,b2,T
2841,morality,c1,T
2842,more,a1,T
2843,moreover,b2,T
2844,morning,a1,T
2845,mortgage,b2,T
2846,mosque,b2,T
2847,most,a1,T
2848,mostly,a2,T
2849,mother,a1,T
2850,motion,b2,T
2851,motivate,b2,T
2852,motivation,b2,T
2853,motive,c1,T
2854,motor,b2,T
2855,motorcycle,a2,T
2856,motorist,c1,T
2857,mount,b2,T
2858,mountain,a1,T
2859,mouse,a1,T
2860,mouth,a1,T
2861,move,a1,T
2862,movement,a2,T
2863,movie,a1,T
2864,moving,b2,T
2865,much,a1,T
2866,mud,b1,T
2867,multiple,b2,T
2868,multiply,b2,T
2869,mum,a1,T
2870,municipal,c1,T
2871,murder,b1,T
2872,muscle,b1,T
2873,museum,a1,T
2874,music,a1,T
2875,musical,a2,T
2876,musician,a2,T
2877,must,a1,T
2878,mutual,c1,T
2879,my,a1,T
2880,myself,a2,T
2881,mysterious,b2,T
2882,mystery,b1,T
2883,myth,b2,T
2884,nail,b1,T
2885,naked,b2,T
2886,name,a1,T
2887,namely,c1,T
2888,narrative,b1,T
2889,narrow,a2,T
2890,nasty,b2,T
2891,nation,b1,T
2892,national,a2,T
2893,nationwide,c1,T
2894,native,b1,T
2895,natural,a1,T
2896,naturally,b1,T
2897,nature,a2,T
2898,naval,c1,T
2899,navigation,b2,T
2900,near,a1,T
2901,nearby,b2,T
2902,nearly,a2,T
2903,neat,b2,T
2904,necessarily,b1,T
2905,necessary,a2,T
2906,necessity,b2,T
2907,neck,a2,T
2908,need,a1,T
2909,needle,b1,T
2910,negative,a1,T
2911,neglect,c1,T
2912,negotiate,b2,T
2913,negotiation,b2,T
2914,neighbour,a1,T
2915,neighbourhood,b1,T
2916,neighbouring,c1,T
2917,neither,a2,T
2918,nerve,b2,T
2919,nervous,a2,T
2920,nest,c1,T
2921,net,b1,T
2922,network,a2,T
2923,neutral,b2,T
2924,never,a1,T
2925,nevertheless,b2,T
2926,new,a1,T
2927,newly,b2,T
2928,news,a1,T
2929,newsletter,c1,T
2930,newspaper,a1,T
2931,next,a1,T
2932,next to,a1,T
2933,nice,a1,T
2934,niche,c1,T
2935,night,a1,T
2936,nightmare,b2,T
2937,nine,a1,T
2938,nineteen,a1,T
2939,ninety,a1,T
2940,no,a1,T
2941,no one,a1,T
2942,noble,c1,T
2943,nobody,a1,T
2944,nod,c1,T
2945,noise,a2,T
2946,noisy,a2,T
2947,nominate,c1,T
2948,nomination,c1,T
2949,nominee,c1,T
2950,non-profit,c1,T
2951,none,a2,T
2952,nonetheless,c1,T
2953,nonsense,c1,T
2954,noon,c1,T
2955,nor,b1,T
2956,norm,b2,T
2957,normal,a2,T
2958,normally,a2,T
2959,north,a1,T
2960,northern,b1,T
2961,nose,a1,T
2962,not,a1,T
2963,notable,c1,T
2964,notably,c1,T
2965,note,a1,T
2966,notebook,b2,T
2967,nothing,a1,T
2968,notice,a2,T
2969,notify,c1,T
2970,notion,b2,T
2971,notorious,c1,T
2972,novel,a2,T
2973,novelist,b2,T
2974,november,a1,T
2975,now,a1,T
2976,nowadays,b2,T
2977,nowhere,a2,T
2978,nuclear,b1,T
2979,number,a1,T
2980,numerous,b2,T
2981,nurse,a1,T
2982,nursery,c1,T
2983,nursing,b2,T
2984,nut,a2,T
2985,nutrition,b2,T
2986,o'clock,a1,T
2987,obesity,b2,T
2988,obey,b2,T
2989,object,a1,T
2990,objection,c1,T
2991,objective,b2,T
2992,obligation,b2,T
2993,oblige,c1,T
2994,observation,b2,T
2995,observe,b2,T
2996,observer,b2,T
2997,obsess,c1,T
2998,obsession,c1,T
2999,obstacle,b2,T
3000,obtain,b2,T
3001,obvious,b1,T
3002,obviously,b1,T
3003,occasion,b1,T
3004,occasional,c1,T
3005,occasionally,b2,T
3006,occupation,b2,T
3007,occupy,b2,T
3008,occur,b1,T
3009,occurrence,c1,T
3010,ocean,a2,T
3011,october,a1,T
3012,odd,b1,T
3013,odds,c1,T
3014,of,a1,T
3015,off,a1,T
3016,offence,b2,T
3017,offend,b2,T
3018,offender,b2,T
3019,offensive,b2,T
3020,offer,a2,T
3021,offering,c1,T
3022,office,a1,T
3023,officer,a2,T
3024,official,b1,T
3025,offspring,c1,T
3026,often,a1,T
3027,oh,a1,T
3028,oil,a2,T
3029,ok,a1,T
3030,old,a1,T
3031,old-fashioned,b1,T
3032,on,a1,T
3033,once,a1,T
3034,one,a1,T
3035,ongoing,b2,T
3036,onion,a1,T
3037,online,a1,T
3038,only,a1,T
3039,onto,a2,T
3040,open,a1,T
3041,opening,b2,T
3042,openly,b2,T
3043,opera,b2,T
3044,operate,b2,T
3045,operation,b1,T
3046,operational,c1,T
3047,operator,b2,T
3048,opinion,a1,T
3049,opponent,b2,T
3050,opportunity,a2,T
3051,oppose,b2,T
3052,opposed,b2,T
3053,opposite,a1,T
3054,opposition,b2,T
3055,opt,c1,T
3056,optical,c1,T
3057,optimism,c1,T
3058,optimistic,b2,T
3059,option,a2,T
3060,or,a1,T
3061,oral,c1,T
3062,orange,a1,T
3063,orchestra,b2,T
3064,order,a1,T
3065,ordinary,a2,T
3066,organ,b2,T
3067,organic,b2,T
3068,organization,a2,T
3069,organizational,c1,T
3070,organize,a2,T
3071,organized,b1,T
3072,organizer,b1,T
3073,orientation,c1,T
3074,origin,b2,T
3075,original,a2,T
3076,originally,b1,T
3077,originate,c1,T
3078,other,a1,T
3079,otherwise,b2,T
3080,ought,b1,T
3081,our,a1,T
3082,ours,b1,T
3083,ourselves,a2,T
3084,out,a1,T
3085,outbreak,c1,T
3086,outcome,b2,T
3087,outdoor,b1,T
3088,outdoors,b1,T
3089,outer,b2,T
3090,outfit,b2,T
3091,outing,c1,T
3092,outlet,c1,T
3093,outline,b2,T
3094,outlook,c1,T
3095,output,b2,T
3096,outrage,c1,T
3097,outside,a1,T
3098,outsider,c1,T
3099,outstanding,b2,T
3100,oven,a2,T
3101,over,a1,T
3102,overall,b2,T
3103,overcome,b2,T
3104,overlook,c1,T
3105,overly,c1,T
3106,overnight,b2,T
3107,overseas,b2,T
3108,oversee,c1,T
3109,overturn,c1,T
3110,overwhelm,c1,T
3111,overwhelming,c1,T
3112,owe,b2,T
3113,own,a1,T
3114,owner,a2,T
3115,ownership,b2,T
3116,oxygen,b2,T
3117,pace,b2,T
3118,pack,a2,T
3119,package,b1,T
3120,packet,b2,T
3121,pad,c1,T
3122,page,a1,T
3123,pain,a2,T
3124,painful,b1,T
3125,paint,a1,T
3126,painter,a2,T
3127,painting,a1,T
3128,pair,a1,T
3129,palace,a2,T
3130,pale,b1,T
3131,palm,b2,T
3132,pan,b1,T
3133,panel,b2,T
3134,panic,b2,T
3135,pants,a2,T
3136,paper,a1,T
3137,parade,b2,T
3138,paragraph,a1,T
3139,parallel,b2,T
3140,parameter,c1,T
3141,parent,a1,T
3142,parental,c1,T
3143,parish,c1,T
3144,park,a1,T
3145,parking,a2,T
3146,parliament,b2,T
3147,parliamentary,c1,T
3148,part,a1,T
3149,part-time,b2,T
3150,partial,c1,T
3151,partially,c1,T
3152,participant,b2,T
3153,participate,b1,T
3154,participation,b2,T
3155,particular,a2,T
3156,particularly,b1,T
3157,partly,b2,T
3158,partner,a1,T
3159,partnership,b2,T
3160,party,a1,T
3161,pass,a2,T
3162,passage,b2,T
3163,passenger,a2,T
3164,passing,c1,T
3165,passion,b1,T
3166,passionate,b2,T
3167,passive,c1,T
3168,passport,a1,T
3169,password,b2,T
3170,past,a1,T
3171,pastor,c1,T
3172,patch,c1,T
3173,patent,c1,T
3174,path,b1,T
3175,pathway,c1,T
3176,patience,b2,T
3177,patient,a2,T
3178,patrol,c1,T
3179,patron,c1,T
3180,pattern,a2,T
3181,pause,b2,T
3182,pay,a1,T
3183,payment,b1,T
3184,peace,a2,T
3185,peaceful,b1,T
3186,peak,c1,T
3187,peasant,c1,T
3188,peculiar,c1,T
3189,peer,b2,T
3190,pen,a1,T
3191,penalty,b2,T
3192,pencil,a1,T
3193,penny,a2,T
3194,pension,b2,T
3195,people,a1,T
3196,pepper,a1,T
3197,per,a2,T
3198,per cent,a2,T
3199,perceive,b2,T
3200,percentage,b1,T
3201,perception,b2,T
3202,perfect,a1,T
3203,perfectly,b1,T
3204,perform,a2,T
3205,performance,b1,T
3206,perhaps,a2,T
3207,period,a1,T
3208,permanent,b2,T
3209,permanently,b2,T
3210,permission,a2,T
3211,permit,b2,T
3212,persist,c1,T
3213,persistent,c1,T
3214,person,a1,T
3215,personal,a1,T
3216,personality,a2,T
3217,personally,b1,T
3218,personnel,c1,T
3219,perspective,b2,T
3220,persuade,b1,T
3221,pet,a2,T
3222,petition,c1,T
3223,petrol,a2,T
3224,phase,b2,T
3225,phenomenon,b2,T
3226,philosopher,c1,T
3227,philosophical,c1,T
3228,philosophy,b2,T
3229,phone,a1,T
3230,photo,a1,T
3231,photograph,a1,T
3232,photographer,b1,T
3233,photography,b1,T
3234,phrase,a1,T
3235,physical,a2,T
3236,physician,c1,T
3237,physics,a2,T
3238,piano,a1,T
3239,pick,a2,T
3240,picture,a1,T
3241,piece,a1,T
3242,pig,a1,T
3243,pile,b2,T
3244,pill,b2,T
3245,pilot,a2,T
3246,pin,b1,T
3247,pink,a1,T
3248,pioneer,c1,T
3249,pipe,b1,T
3250,pipeline,c1,T
3251,pirate,c1,T
3252,pit,c1,T
3253,pitch,b2,T
3254,pity,b2,T
3255,place,a1,T
3256,placement,b2,T
3257,plain,b2,T
3258,plan,a1,T
3259,plane,a1,T
3260,planet,a2,T
3261,planning,b1,T
3262,plant,a1,T
3263,plastic,a2,T
3264,plate,a2,T
3265,platform,a2,T
3266,play,a1,T
3267,player,a1,T
3268,plea,c1,T
3269,plead,c1,T
3270,pleasant,b1,T
3271,please,a1,T
3272,pleased,a2,T
3273,pleasure,b1,T
3274,pledge,c1,T
3275,plenty,b1,T
3276,plot,b1,T
3277,plug,c1,T
3278,plunge,c1,T
3279,plus,b1,T
3280,pocket,a2,T
3281,poem,b1,T
3282,poet,b1,T
3283,poetry,b1,T
3284,point,a1,T
3285,pointed,b2,T
3286,poison,b1,T
3287,poisonous,b1,T
3288,pole,c1,T
3289,police,a1,T
3290,policeman,a1,T
3291,policy,b1,T
3292,polite,a2,T
3293,political,b1,T
3294,politician,b1,T
3295,politics,b1,T
3296,poll,c1,T
3297,pollution,a2,T
3298,pond,c1,T
3299,pool,a1,T
3300,poor,a1,T
3301,pop,a2,T
3302,popular,a1,T
3303,popularity,b2,T
3304,population,a2,T
3305,port,b1,T
3306,portfolio,c1,T
3307,portion,b2,T
3308,portrait,b1,T
3309,portray,c1,T
3310,pose,b2,T
3311,position,a2,T
3312,positive,a1,T
3313,possess,b2,T
3314,possession,a2,T
3315,possibility,a2,T
3316,possible,a1,T
3317,possibly,b1,T
3318,post,a1,T
3319,post-war,c1,T
3320,poster,a2,T
3321,postpone,c1,T
3322,pot,b1,T
3323,potato,a1,T
3324,potential,b2,T
3325,potentially,b2,T
3326,pound,a1,T
3327,pour,b1,T
3328,poverty,b1,T
3329,powder,b1,T
3330,power,a2,T
3331,powerful,b1,T
3332,practical,b1,T
3333,practice,a1,T
3334,practise,a1,T
3335,practitioner,c1,T
3336,praise,b2,T
3337,pray,b1,T
3338,prayer,b1,T
3339,preach,c1,T
3340,precede,b2,T
3341,precedent,c1,T
3342,precious,b2,T
3343,precise,b2,T
3344,precisely,b2,T
3345,precision,c1,T
3346,predator,c1,T
3347,predecessor,c1,T
3348,predict,a2,T
3349,predictable,b2,T
3350,prediction,b1,T
3351,predominantly,c1,T
3352,prefer,a1,T
3353,preference,b2,T
3354,pregnancy,c1,T
3355,pregnant,b2,T
3356,prejudice,c1,T
3357,preliminary,c1,T
3358,premier,c1,T
3359,premise,c1,T
3360,premium,c1,T
3361,preparation,b2,T
3362,prepare,a1,T
3363,prepared,b1,T
3364,prescribe,c1,T
3365,prescription,c1,T
3366,presence,b2,T
3367,present,a1,T
3368,presentation,b1,T
3369,presently,c1,T
3370,preservation,c1,T
3371,preserve,b2,T
3372,preside,c1,T
3373,presidency,c1,T
3374,president,a2,T
3375,presidential,c1,T
3376,press,b1,T
3377,pressure,b1,T
3378,prestigious,c1,T
3379,presumably,c1,T
3380,presume,c1,T
3381,pretend,b1,T
3382,pretty,a1,T
3383,prevail,c1,T
3384,prevalence,c1,T
3385,prevent,a2,T
3386,prevention,c1,T
3387,previous,b1,T
3388,previously,b1,T
3389,prey,c1,T
3390,price,a1,T
3391,pride,b2,T
3392,priest,b1,T
3393,primarily,b2,T
3394,primary,b1,T
3395,prime,b2,T
3396,prince,b1,T
3397,princess,b1,T
3398,principal,b2,T
3399,principle,b2,T
3400,print,a2,T
3401,printer,a2,T
3402,printing,b1,T
3403,prior,b2,T
3404,priority,b2,T
3405,prison,a2,T
3406,prisoner,b1,T
3407,privacy,b2,T
3408,private,b1,T
3409,privatization,c1,T
3410,privilege,c1,T
3411,prize,a2,T
3412,probability,b2,T
3413,probable,b2,T
3414,probably,a1,T
3415,probe,c1,T
3416,problem,a1,T
3417,problematic,c1,T
3418,procedure,b2,T
3419,proceed,b2,T
3420,proceeding,c1,T
3421,proceeds,c1,T
3422,process,a2,T
3423,processing,c1,T
3424,processor,c1,T
3425,proclaim,c1,T
3426,produce,a2,T
3427,producer,b1,T
3428,product,a1,T
3429,production,b1,T
3430,productive,c1,T
3431,productivity,c1,T
3432,profession,b1,T
3433,professional,a2,T
3434,professor,a2,T
3435,profile,a2,T
3436,profit,b1,T
3437,profitable,c1,T
3438,profound,c1,T
3439,program,a2,T
3440,programme,a1,T
3441,programming,b2,T
3442,progress,a2,T
3443,progressive,b2,T
3444,prohibit,b2,T
3445,project,a1,T
3446,projection,c1,T
3447,prominent,c1,T
3448,promise,a2,T
3449,promising,b2,T
3450,promote,b1,T
3451,promotion,b2,T
3452,prompt,b2,T
3453,pronounce,a2,T
3454,pronounced,c1,T
3455,proof,b2,T
3456,propaganda,c1,T
3457,proper,b1,T
3458,properly,b1,T
3459,property,b1,T
3460,proportion,b2,T
3461,proposal,b2,T
3462,propose,b2,T
3463,proposition,c1,T
3464,prosecute,c1,T
3465,prosecution,c1,T
3466,prosecutor,c1,T
3467,prospect,b2,T
3468,prospective,c1,T
3469,prosperity,c1,T
3470,protect,a2,T
3471,protection,b2,T
3472,protective,c1,T
3473,protein,b2,T
3474,protest,b1,T
3475,protester,b2,T
3476,protocol,c1,T
3477,proud,b1,T
3478,prove,b1,T
3479,provide,a2,T
3480,province,c1,T
3481,provincial,c1,T
3482,provision,c1,T
3483,provoke,c1,T
3484,psychiatric,c1,T
3485,psychological,b2,T
3486,psychologist,b2,T
3487,psychology,b2,T
3488,pub,a2,T
3489,public,a2,T
3490,publication,b2,T
3491,publicity,b2,T
3492,publish,a2,T
3493,publishing,b2,T
3494,pull,a2,T
3495,pulse,c1,T
3496,pump,c1,T
3497,punch,c1,T
3498,punish,b1,T
3499,punishment,b1,T
3500,punk,b2,T
3501,pupil,b2,T
3502,purchase,b2,T
3503,pure,b2,T
3504,purely,b2,T
3505,purple,a1,T
3506,purpose,a2,T
3507,pursue,b2,T
3508,pursuit,b2,T
3509,push,a2,T
3510,put,a1,T
3511,puzzle,b2,T
3512,qualification,b1,T
3513,qualified,b1,T
3514,qualify,b1,T
3515,quality,a2,T
3516,quantity,a2,T
3517,quarter,a1,T
3518,queen,a2,T
3519,query,c1,T
3520,quest,c1,T
3521,question,a1,T
3522,questionnaire,b2,T
3523,queue,b1,T
3524,quick,a1,T
3525,quickly,a1,T
3526,quiet,a1,T
3527,quietly,a2,T
3528,quit,b1,T
3529,quite,a1,T
3530,quota,c1,T
3531,quotation,b1,T
3532,quote,b1,T
3533,race,a2,T
3534,racial,b2,T
3535,racing,b1,T
3536,racism,b2,T
3537,racist,b2,T
3538,radar,c1,T
3539,radiation,b2,T
3540,radical,c1,T
3541,radio,a1,T
3542,rage,c1,T
3543,raid,c1,T
3544,rail,b2,T
3545,railway,a2,T
3546,rain,a1,T
3547,raise,a2,T
3548,rally,c1,T
3549,random,b2,T
3550,range,b1,T
3551,rank,b2,T
3552,ranking,c1,T
3553,rape,c1,T
3554,rapid,b2,T
3555,rapidly,b2,T
3556,rare,b1,T
3557,rarely,b1,T
3558,rat,b2,T
3559,rate,a2,T
3560,rather,a2,T
3561,rating,b2,T
3562,ratio,c1,T
3563,rational,c1,T
3564,raw,b2,T
3565,ray,c1,T
3566,reach,a2,T
3567,react,a2,T
3568,reaction,b1,T
3569,read,a1,T
3570,reader,a1,T
3571,readily,c1,T
3572,reading,a1,T
3573,ready,a1,T
3574,real,a1,T
3575,realistic,b2,T
3576,reality,b1,T
3577,realization,c1,T
3578,realize,a2,T
3579,really,a1,T
3580,realm,c1,T
3581,rear,c1,T
3582,reason,a1,T
3583,reasonable,b2,T
3584,reasonably,b2,T
3585,reasoning,c1,T
3586,reassure,c1,T
3587,rebel,c1,T
3588,rebellion,c1,T
3589,rebuild,b2,T
3590,recall,b2,T
3591,receipt,b1,T
3592,receive,a2,T
3593,receiver,b2,T
3594,recent,a2,T
3595,recently,a2,T
3596,reception,a2,T
3597,recession,b2,T
3598,recipe,a2,T
3599,recipient,c1,T
3600,reckon,b2,T
3601,recognition,b2,T
3602,recognize,a2,T
3603,recommend,a2,T
3604,recommendation,b1,T
3605,reconstruction,c1,T
3606,record,a2,T
3607,recording,a2,T
3608,recount,c1,T
3609,recover,b2,T
3610,recovery,b2,T
3611,recruit,b2,T
3612,recruitment,b2,T
3613,recycle,a2,T
3614,red,a1,T
3615,reduce,a2,T
3616,reduction,b2,T
3617,refer,a2,T
3618,referee,b2,T
3619,reference,b1,T
3620,referendum,c1,T
3621,reflect,b1,T
3622,reflection,c1,T
3623,reform,c1,T
3624,refuge,c1,T
3625,refugee,b2,T
3626,refusal,c1,T
3627,refuse,a2,T
3628,regain,c1,T
3629,regard,b2,T
3630,regardless,c1,T
3631,regime,c1,T
3632,region,a2,T
3633,regional,b2,T
3634,register,b2,T
3635,registration,b2,T
3636,regret,b2,T
3637,regular,a2,T
3638,regularly,b1,T
3639,regulate,b2,T
3640,regulation,b2,T
3641,regulator,c1,T
3642,regulatory,c1,T
3643,rehabilitation,c1,T
3644,reign,c1,T
3645,reinforce,b2,T
3646,reject,b1,T
3647,rejection,c1,T
3648,relate,b1,T
3649,related,b1,T
3650,relation,b1,T
3651,relationship,a2,T
3652,relative,b1,T
3653,relatively,b2,T
3654,relax,a1,T
3655,relaxed,b1,T
3656,relaxing,b1,T
3657,release,b1,T
3658,relevance,c1,T
3659,relevant,b2,T
3660,reliability,c1,T
3661,reliable,b1,T
3662,relief,b2,T
3663,relieve,b2,T
3664,relieved,b2,T
3665,religion,b1,T
3666,religious,b1,T
3667,reluctant,c1,T
3668,rely,b2,T
3669,remain,b1,T
3670,remainder,c1,T
3671,remains,c1,T
3672,remark,b2,T
3673,remarkable,b2,T
3674,remarkably,b2,T
3675,remedy,c1,T
3676,remember,a1,T
3677,remind,b1,T
3678,reminder,c1,T
3679,remote,b1,T
3680,removal,c1,T
3681,remove,a2,T
3682,render,c1,T
3683,renew,c1,T
3684,renowned,c1,T
3685,rent,b1,T
3686,rental,c1,T
3687,repair,a2,T
3688,repeat,a1,T
3689,repeated,b1,T
3690,replace,a2,T
3691,replacement,c1,T
3692,reply,a2,T
3693,report,a1,T
3694,reportedly,c1,T
3695,reporter,a2,T
3696,reporting,b2,T
3697,represent,b1,T
3698,representation,c1,T
3699,representative,b2,T
3700,reproduce,c1,T
3701,reproduction,c1,T
3702,republic,c1,T
3703,reputation,b2,T
3704,request,a2,T
3705,require,b1,T
3706,requirement,b2,T
3707,rescue,b2,T
3708,research,a2,T
3709,researcher,a2,T
3710,resemble,c1,T
3711,reservation,b1,T
3712,reserve,b2,T
3713,reside,c1,T
3714,residence,c1,T
3715,resident,b2,T
3716,residential,c1,T
3717,residue,c1,T
3718,resign,b2,T
3719,resignation,c1,T
3720,resist,b2,T
3721,resistance,c1,T
3722,resolution,b2,T
3723,resolve,b2,T
3724,resort,b2,T
3725,resource,b1,T
3726,respect,b1,T
3727,respective,c1,T
3728,respectively,c1,T
3729,respond,a2,T
3730,response,a2,T
3731,responsibility,b1,T
3732,responsible,b1,T
3733,rest,a2,T
3734,restaurant,a1,T
3735,restoration,c1,T
3736,restore,b2,T
3737,restraint,c1,T
3738,restrict,b2,T
3739,restriction,b2,T
3740,result,a1,T
3741,resume,c1,T
3742,retail,b2,T
3743,retain,b2,T
3744,retire,b1,T
3745,retired,b1,T
3746,retirement,b2,T
3747,retreat,c1,T
3748,retrieve,c1,T
3749,return,a1,T
3750,reveal,b2,T
3751,revelation,c1,T
3752,revenge,c1,T
3753,revenue,b2,T
3754,reverse,c1,T
3755,review,a2,T
3756,revise,b1,T
3757,revision,b2,T
3758,revival,c1,T
3759,revive,c1,T
3760,revolution,b2,T
3761,revolutionary,c1,T
3762,reward,b2,T
3763,rhetoric,c1,T
3764,rhythm,b2,T
3765,rice,a1,T
3766,rich,a1,T
3767,rid,b2,T
3768,ride,a1,T
3769,ridiculous,b2,T
3770,rifle,c1,T
3771,right,a1,T
3772,ring,a2,T
3773,riot,c1,T
3774,rip,c1,T
3775,rise,a2,T
3776,risk,b1,T
3777,risky,b2,T
3778,ritual,c1,T
3779,rival,b2,T
3780,river,a1,T
3781,road,a1,T
3782,rob,b2,T
3783,robbery,b2,T
3784,robot,b1,T
3785,robust,c1,T
3786,rock,a2,T
3787,rocket,b2,T
3788,rod,c1,T
3789,role,a2,T
3790,roll,b1,T
3791,romance,b2,T
3792,romantic,b1,T
3793,roof,a2,T
3794,room,a1,T
3795,root,b2,T
3796,rope,b1,T
3797,rose,b2,T
3798,rotate,c1,T
3799,rotation,c1,T
3800,rough,b1,T
3801,roughly,b2,T
3802,round,a2,T
3803,route,a2,T
3804,routine,a1,T
3805,row,b1,T
3806,royal,b1,T
3807,rub,b2,T
3808,rubber,b2,T
3809,rubbish,a2,T
3810,rude,a2,T
3811,rugby,b1,T
3812,ruin,b2,T
3813,rule,a1,T
3814,ruling,c1,T
3815,rumour,c1,T
3816,run,a1,T
3817,runner,a2,T
3818,running,a2,T
3819,rural,b2,T
3820,rush,b2,T
3821,sack,c1,T
3822,sacred,c1,T
3823,sacrifice,c1,T
3824,sad,a1,T
3825,sadly,a2,T
3826,safe,a2,T
3827,safety,b1,T
3828,sail,a2,T
3829,sailing,a2,T
3830,sailor,b1,T
3831,saint,c1,T
3832,sake,c1,T
3833,salad,a1,T
3834,salary,a2,T
3835,sale,a2,T
3836,salt,a1,T
3837,same,a1,T
3838,sample,b1,T
3839,sanction,c1,T
3840,sand,b1,T
3841,sandwich,a1,T
3842,satellite,b2,T
3843,satisfaction,b2,T
3844,satisfied,b2,T
3845,satisfy,b2,T
3846,saturday,a1,T
3847,sauce,a2,T
3848,save,a2,T
3849,saving,b2,T
3850,say,a1,T
3851,scale,b2,T
3852,scan,b1,T
3853,scandal,b2,T
3854,scare,b2,T
3855,scared,a2,T
3856,scary,a2,T
3857,scattered,c1,T
3858,scenario,b2,T
3859,scene,a2,T
3860,sceptical,c1,T
3861,schedule,a2,T
3862,scheme,b2,T
3863,scholar,b2,T
3864,scholarship,b2,T
3865,school,a1,T
3866,science,a1,T
3867,scientific,b1,T
3868,scientist,a1,T
3869,scope,c1,T
3870,score,a2,T
3871,scratch,b2,T
3872,scream,b2,T
3873,screen,a2,T
3874,screening,b2,T
3875,screw,c1,T
3876,script,b1,T
3877,scrutiny,c1,T
3878,sculpture,b1,T
3879,sea,a1,T
3880,seal,c1,T
3881,search,a2,T
3882,season,a2,T
3883,seat,a2,T
3884,second,a1,T
3885,secondary,b1,T
3886,secondly,a2,T
3887,secret,a2,T
3888,secretary,a2,T
3889,section,a1,T
3890,sector,b2,T
3891,secular,c1,T
3892,secure,b2,T
3893,security,b1,T
3894,see,a1,T
3895,seed,b1,T
3896,seek,b2,T
3897,seeker,b2,T
3898,seem,a2,T
3899,seemingly,c1,T
3900,segment,c1,T
3901,seize,c1,T
3902,seldom,c1,T
3903,select,b2,T
3904,selection,b2,T
3905,selective,c1,T
3906,self,b2,T
3907,sell,a1,T
3908,seminar,b2,T
3909,senator,c1,T
3910,send,a1,T
3911,senior,b2,T
3912,sensation,c1,T
3913,sense,a2,T
3914,sensible,b1,T
3915,sensitive,b2,T
3916,sensitivity,c1,T
3917,sentence,a1,T
3918,sentiment,c1,T
3919,separate,a2,T
3920,separation,c1,T
3921,september,a1,T
3922,sequence,b2,T
3923,serial,c1,T
3924,series,a2,T
3925,serious,a2,T
3926,seriously,b1,T
3927,servant,b1,T
3928,serve,a2,T
3929,service,a2,T
3930,session,b2,T
3931,set,b1,T
3932,set-up,c1,T
3933,setting,b1,T
3934,settle,b2,T
3935,settlement,c1,T
3936,settler,b2,T
3937,seven,a1,T
3938,seventeen,a1,T
3939,seventy,a1,T
3940,several,a2,T
3941,severe,b2,T
3942,severely,b2,T
3943,sex,b1,T
3944,sexual,b1,T
3945,sexuality,c1,T
3946,sexy,b2,T
3947,shade,b2,T
3948,shadow,b2,T
3949,shake,a2,T
3950,shall,a2,T
3951,shallow,b2,T
3952,shame,b2,T
3953,shape,a2,T
3954,shaped,b2,T
3955,share,a1,T
3956,shareholder,c1,T
3957,sharp,b1,T
3958,shatter,c1,T
3959,she,a1,T
3960,shed,c1,T
3961,sheep,a1,T
3962,sheer,c1,T
3963,sheet,a2,T
3964,shelf,b1,T
3965,shell,b1,T
3966,shelter,b2,T
3967,shift,b1,T
3968,shine,b1,T
3969,shiny,b1,T
3970,ship,a2,T
3971,shipping,c1,T
3972,shirt,a1,T
3973,shock,b2,T
3974,shocked,b2,T
3975,shocking,b2,T
3976,shoe,a1,T
3977,shoot,b1,T
3978,shooting,b2,T
3979,shop,a1,T
3980,shopping,a1,T
3981,shore,b2,T
3982,short,a1,T
3983,short-term,b2,T
3984,shortage,b2,T
3985,shortly,b2,T
3986,shot,b2,T
3987,should,a1,T
3988,shoulder,a2,T
3989,shout,a2,T
3990,show,a1,T
3991,shower,a1,T
3992,shrink,c1,T
3993,shrug,c1,T
3994,shut,a2,T
3995,shy,b1,T
3996,sibling,b2,T
3997,sick,a1,T
3998,side,a2,T
3999,sigh,c1,T
4000,sight,b1,T
4001,sign,a2,T
4002,signal,b1,T
4003,signature,b2,T
4004,significance,b2,T
4005,significant,b2,T
4006,significantly,b2,T
4007,silence,b2,T
4008,silent,b1,T
4009,silk,b2,T
4010,silly,b1,T
4011,silver,a2,T
4012,similar,a1,T
4013,similarity,b1,T
4014,similarly,b1,T
4015,simple,a2,T
4016,simply,b1,T
4017,simulate,c1,T
4018,simulation,c1,T
4019,simultaneously,c1,T
4020,sin,c1,T
4021,since,a2,T
4022,sincere,b2,T
4023,sing,a1,T
4024,singer,a1,T
4025,singing,a2,T
4026,single,a2,T
4027,sink,b1,T
4028,sir,a2,T
4029,sister,a1,T
4030,sit,a1,T
4031,site,a2,T
4032,situated,c1,T
4033,situation,a1,T
4034,six,a1,T
4035,sixteen,a1,T
4036,sixty,a1,T
4037,size,a2,T
4038,sketch,c1,T
4039,ski,a2,T
4040,skiing,a2,T
4041,skill,a1,T
4042,skilled,b2,T
4043,skin,a2,T
4044,skip,c1,T
4045,skirt,a1,T
4046,skull,b2,T
4047,sky,a2,T
4048,slam,c1,T
4049,slap,c1,T
4050,slash,c1,T
4051,slave,b2,T
4052,slavery,c1,T
4053,sleep,a1,T
4054,slice,b1,T
4055,slide,b2,T
4056,slight,b2,T
4057,slightly,b1,T
4058,slip,b2,T
4059,slogan,b2,T
4060,slope,b2,T
4061,slot,c1,T
4062,slow,a1,T
4063,slowly,a2,T
4064,small,a1,T
4065,smart,b1,T
4066,smartphone,a2,T
4067,smash,c1,T
4068,smell,a2,T
4069,smile,a2,T
4070,smoke,a2,T
4071,smoking,a2,T
4072,smooth,b1,T
4073,snake,a1,T
4074,snap,c1,T
4075,snow,a1,T
4076,so,a1,T
4077,so-called,b2,T
4078,soak,c1,T
4079,soap,a2,T
4080,soar,c1,T
4081,soccer,a2,T
4082,social,a2,T
4083,socialist,c1,T
4084,society,a2,T
4085,sock,a2,T
4086,soft,a2,T
4087,software,b1,T
4088,soil,b1,T
4089,solar,b2,T
4090,soldier,a2,T
4091,sole,c1,T
4092,solely,c1,T
4093,solicitor,c1,T
4094,solid,b1,T
4095,solidarity,c1,T
4096,solo,c1,T
4097,solution,a2,T
4098,solve,a2,T
4099,some,a1,T
4100,somebody,a1,T
4101,somehow,b2,T
4102,someone,a1,T
4103,something,a1,T
4104,sometime,b2,T
4105,sometimes,a1,T
4106,somewhat,b2,T
4107,somewhere,a2,T
4108,son,a1,T
4109,song,a1,T
4110,soon,a1,T
4111,sophisticated,b2,T
4112,sorry,a1,T
4113,sort,a2,T
4114,soul,b2,T
4115,sound,a1,T
4116,soup,a1,T
4117,source,a2,T
4118,south,a1,T
4119,southern,b1,T
4120,sovereignty,c1,T
4121,space,a1,T
4122,spam,c1,T
4123,span,c1,T
4124,spare,b2,T
4125,spark,c1,T
4126,speak,a1,T
4127,speaker,a2,T
4128,special,a1,T
4129,specialist,b2,T
4130,specialize,b2,T
4131,specialized,c1,T
4132,species,b2,T
4133,specific,a2,T
4134,specifically,b1,T
4135,specification,c1,T
4136,specify,b2,T
4137,specimen,c1,T
4138,spectacle,c1,T
4139,spectacular,b2,T
4140,spectator,b2,T
4141,spectrum,c1,T
4142,speculate,b2,T
4143,speculation,b2,T
4144,speech,a2,T
4145,speed,a2,T
4146,spell,a1,T
4147,spelling,a1,T
4148,spend,a1,T
4149,spending,b1,T
4150,sphere,c1,T
4151,spice,b2,T
4152,spicy,b1,T
4153,spider,a2,T
4154,spill,b2,T
4155,spin,c1,T
4156,spine,c1,T
4157,spirit,b1,T
4158,spiritual,b2,T
4159,spite,b2,T
4160,split,b2,T
4161,spoil,b2,T
4162,spoken,b1,T
4163,spokesman,b2,T
4164,spokesperson,b2,T
4165,spokeswoman,b2,T
4166,sponsor,b2,T
4167,sponsorship,b2,T
4168,spoon,a2,T
4169,sport,a1,T
4170,sporting,b2,T
4171,spot,b1,T
4172,spotlight,c1,T
4173,spouse,c1,T
4174,spread,b1,T
4175,spring,a1,T
4176,spy,c1,T
4177,squad,c1,T
4178,square,a2,T
4179,squeeze,c1,T
4180,stab,c1,T
4181,stability,c1,T
4182,stabilize,c1,T
4183,stable,b2,T
4184,stadium,b1,T
4185,staff,b1,T
4186,stage,a2,T
4187,stair,a2,T
4188,stake,c1,T
4189,stall,b2,T
4190,stamp,a2,T
4191,stance,b2,T
4192,stand,a1,T
4193,standard,b1,T
4194,standing,c1,T
4195,star,a1,T
4196,stare,b2,T
4197,stark,c1,T
4198,start,a1,T
4199,starve,b2,T
4200,state,a2,T
4201,statement,a1,T
4202,station,a1,T
4203,statistic,b1,T
4204,statistical,c1,T
4205,statue,b1,T
4206,status,b2,T
4207,stay,a1,T
4208,steadily,b2,T
4209,steady,b2,T
4210,steal,a2,T
4211,steam,b2,T
4212,steel,b2,T
4213,steep,b2,T
4214,steer,c1,T
4215,stem,c1,T
4216,step,a2,T
4217,stereotype,c1,T
4218,stick,b1,T
4219,sticky,b2,T
4220,stiff,b2,T
4221,still,a1,T
4222,stimulate,b2,T
4223,stimulus,c1,T
4224,stir,c1,T
4225,stock,b2,T
4226,stomach,a2,T
4227,stone,a2,T
4228,stop,a1,T
4229,storage,c1,T
4230,store,a2,T
4231,storm,a2,T
4232,story,a1,T
4233,straight,a2,T
4234,straightforward,c1,T
4235,strain,c1,T
4236,strand,c1,T
4237,strange,a2,T
4238,stranger,b1,T
4239,strategic,c1,T
4240,strategy,a2,T
4241,stream,b2,T
4242,street,a1,T
4243,strength,b1,T
4244,strengthen,b2,T
4245,stress,a2,T
4246,stretch,b2,T
4247,strict,b2,T
4248,strictly,b2,T
4249,strike,b2,T
4250,striking,c1,T
4251,string,b1,T
4252,strip,c1,T
4253,strive,c1,T
4254,stroke,b2,T
4255,strong,a1,T
4256,strongly,b1,T
4257,structural,c1,T
4258,structure,a2,T
4259,struggle,b2,T
4260,student,a1,T
4261,studio,b1,T
4262,study,a1,T
4263,stuff,b1,T
4264,stumble,c1,T
4265,stun,c1,T
4266,stunning,b2,T
4267,stupid,a2,T
4268,style,a1,T
4269,subject,a1,T
4270,submission,c1,T
4271,submit,b2,T
4272,subscriber,c1,T
4273,subscription,c1,T
4274,subsequent,b2,T
4275,subsequently,b2,T
4276,subsidy,c1,T
4277,substance,b1,T
4278,substantial,c1,T
4279,substantially,c1,T
4280,substitute,c1,T
4281,substitution,c1,T
4282,subtle,c1,T
4283,suburb,b2,T
4284,suburban,c1,T
4285,succeed,a2,T
4286,success,a1,T
4287,successful,a2,T
4288,successfully,b1,T
4289,succession,c1,T
4290,successive,c1,T
4291,successor,c1,T
4292,such,a2,T
4293,suck,c1,T
4294,sudden,b1,T
4295,suddenly,a2,T
4296,sue,c1,T
4297,suffer,b1,T
4298,suffering,b2,T
4299,sufficient,b2,T
4300,sufficiently,b2,T
4301,sugar,a1,T
4302,suggest,a2,T
4303,suggestion,a2,T
4304,suicide,c1,T
4305,suit,a2,T
4306,suitable,b1,T
4307,suite,c1,T
4308,sum,b2,T
4309,summarize,b1,T
4310,summary,b1,T
4311,summer,a1,T
4312,summit,c1,T
4313,sun,a1,T
4314,sunday,a1,T
4315,super,b2,T
4316,superb,c1,T
4317,superior,c1,T
4318,supermarket,a1,T
4319,supervise,c1,T
4320,supervision,c1,T
4321,supervisor,c1,T
4322,supplement,c1,T
4323,supply,b1,T
4324,support,a2,T
4325,supporter,b1,T
4326,supportive,c1,T
4327,suppose,a2,T
4328,supposedly,c1,T
4329,suppress,c1,T
4330,supreme,c1,T
4331,sure,a1,T
4332,surely,b1,T
4333,surface,b1,T
4334,surge,c1,T
4335,surgeon,b2,T
4336,surgery,b2,T
4337,surgical,c1,T
4338,surplus,c1,T
4339,surprise,a2,T
4340,surprised,a2,T
4341,surprising,a2,T
4342,surrender,c1,T
4343,surround,b2,T
4344,surrounding,b2,T
4345,surveillance,c1,T
4346,survey,a2,T
4347,survival,b2,T
4348,survive,b1,T
4349,survivor,b2,T
4350,suspect,b2,T
4351,suspend,b2,T
4352,suspension,c1,T
4353,suspicion,c1,T
4354,suspicious,c1,T
4355,sustain,c1,T
4356,sustainable,b2,T
4357,swallow,b2,T
4358,swear,b2,T
4359,sweater,a1,T
4360,sweep,b2,T
4361,sweet,a2,T
4362,swim,a1,T
4363,swimming,a1,T
4364,swing,c1,T
4365,switch,b1,T
4366,sword,c1,T
4367,symbol,a2,T
4368,symbolic,c1,T
4369,sympathetic,b2,T
4370,sympathy,b2,T
4371,symptom,b1,T
4372,syndrome,c1,T
4373,synthesis,c1,T
4374,system,a2,T
4375,systematic,c1,T
4376,t-shirt,a1,T
4377,table,a1,T
4378,tablet,a2,T
4379,tackle,b2,T
4380,tactic,c1,T
4381,tactical,c1,T
4382,tag,b2,T
4383,tail,b1,T
4384,take,a1,T
4385,tale,b2,T
4386,talent,b1,T
4387,talented,b1,T
4388,talk,a1,T
4389,tall,a1,T
4390,tank,b2,T
4391,tap,b2,T
4392,tape,b1,T
4393,target,a2,T
4394,task,a2,T
4395,taste,a2,T
4396,tax,b1,T
4397,taxi,a1,T
4398,taxpayer,c1,T
4399,tea,a1,T
4400,teach,a1,T
4401,teacher,a1,T
4402,teaching,a2,T
4403,team,a1,T
4404,tear,b2,T
4405,technical,b1,T
4406,technique,b1,T
4407,technological,b2,T
4408,technology,a2,T
4409,teenage,a2,T
4410,teenager,a1,T
4411,teens,b2,T
4412,telephone,a1,T
4413,television,a1,T
4414,tell,a1,T
4415,temperature,a2,T
4416,temple,b2,T
4417,temporarily,b2,T
4418,temporary,b2,T
4419,tempt,c1,T
4420,ten,a1,T
4421,tenant,c1,T
4422,tend,b1,T
4423,tendency,b2,T
4424,tender,c1,T
4425,tennis,a1,T
4426,tension,b2,T
4427,tent,b1,T
4428,tenure,c1,T
4429,term,a2,T
4430,terminal,b2,T
4431,terminate,c1,T
4432,terms,b2,T
4433,terrain,c1,T
4434,terrible,a1,T
4435,terribly,b2,T
4436,terrific,c1,T
4437,terrify,b2,T
4438,territory,b2,T
4439,terror,b2,T
4440,terrorism,b2,T
4441,terrorist,b2,T
4442,test,a1,T
4443,testify,c1,T
4444,testimony,c1,T
4445,testing,b2,T
4446,text,a1,T
4447,textbook,b2,T
4448,texture,c1,T
4449,than,a1,T
4450,thank,a1,T
4451,thankfully,c1,T
4452,thanks,a1,T
4453,that,a1,T
4454,the,a1,T
4455,theatre,a1,T
4456,theatrical,c1,T
4457,theft,b2,T
4458,their,a1,T
4459,theirs,b1,T
4460,them,a1,T
4461,theme,b1,T
4462,themselves,a2,T
4463,then,a1,T
4464,theology,c1,T
4465,theoretical,c1,T
4466,theory,b1,T
4467,therapist,b2,T
4468,therapy,b2,T
4469,there,a1,T
4470,thereafter,c1,T
4471,thereby,c1,T
4472,therefore,b1,T
4473,thesis,b2,T
4474,they,a1,T
4475,thick,a2,T
4476,thief,a2,T
4477,thin,a2,T
4478,thing,a1,T
4479,think,a1,T
4480,thinking,a2,T
4481,third,a1,T
4482,thirsty,a1,T
4483,thirteen,a1,T
4484,thirty,a1,T
4485,this,a1,T
4486,thorough,b2,T
4487,thoroughly,b2,T
4488,though,b1,T
4489,thought,a2,T
4490,thought-provoking,c1,T
4491,thoughtful,c1,T
4492,thousand,a1,T
4493,thread,c1,T
4494,threat,b2,T
4495,threaten,b2,T
4496,three,a1,T
4497,threshold,c1,T
4498,thrilled,c1,T
4499,thrive,c1,T
4500,throat,b1,T
4501,through,a1,T
4502,throughout,b1,T
4503,throw,a2,T
4504,thumb,b2,T
4505,thursday,a1,T
4506,thus,b2,T
4507,ticket,a1,T
4508,tide,c1,T
4509,tidy,a2,T
4510,tie,a2,T
4511,tight,b1,T
4512,tighten,c1,T
4513,till,b1,T
4514,timber,c1,T
4515,time,a1,T
4516,timely,c1,T
4517,timing,b2,T
4518,tin,b1,T
4519,tiny,b1,T
4520,tip,a2,T
4521,tired,a1,T
4522,tissue,b2,T
4523,title,a1,T
4524,to,a1,T
4525,tobacco,c1,T
4526,today,a1,T
4527,toe,b1,T
4528,together,a1,T
4529,toilet,a1,T
4530,tolerance,c1,T
4531,tolerate,c1,T
4532,toll,c1,T
4533,tomato,a1,T
4534,tomorrow,a1,T
4535,ton,b2,T
4536,tone,b2,T
4537,tongue,b1,T
4538,tonight,a1,T
4539,tonne,b2,T
4540,too,a1,T
4541,tool,a2,T
4542,tooth,a1,T
4543,top,a2,T
4544,topic,a1,T
4545,torture,c1,T
4546,toss,c1,T
4547,total,b1,T
4548,totally,b1,T
4549,touch,a2,T
4550,tough,b2,T
4551,tour,a2,T
4552,tourism,a2,T
4553,tourist,a1,T
4554,tournament,b2,T
4555,towards,a2,T
4556,towel,a2,T
4557,tower,a2,T
4558,town,a1,T
4559,toxic,c1,T
4560,toy,a2,T
4561,trace,b2,T
4562,track,a2,T
4563,trade,b1,T
4564,trademark,c1,T
4565,trading,b2,T
4566,tradition,a2,T
4567,traditional,a2,T
4568,traffic,a1,T
4569,tragedy,b2,T
4570,tragic,b2,T
4571,trail,c1,T
4572,trailer,c1,T
4573,train,a1,T
4574,trainer,a2,T
4575,training,a2,T
4576,trait,b2,T
4577,transaction,c1,T
4578,transcript,c1,T
4579,transfer,b2,T
4580,transform,b2,T
4581,transformation,c1,T
4582,transit,c1,T
4583,transition,b2,T
4584,translate,b1,T
4585,translation,b1,T
4586,transmission,c1,T
4587,transmit,b2,T
4588,transparency,c1,T
4589,transparent,c1,T
4590,transport,a2,T
4591,transportation,b2,T
4592,trap,b2,T
4593,trauma,c1,T
4594,travel,a1,T
4595,traveller,a2,T
4596,treasure,b2,T
4597,treat,b1,T
4598,treatment,b1,T
4599,treaty,c1,T
4600,tree,a1,T
4601,tremendous,c1,T
4602,trend,b1,T
4603,trial,b2,T
4604,tribal,c1,T
4605,tribe,b2,T
4606,tribunal,c1,T
4607,tribute,c1,T
4608,trick,b1,T
4609,trigger,b2,T
4610,trillion,b2,T
4611,trio,c1,T
4612,trip,a1,T
4613,triumph,c1,T
4614,troop,b2,T
4615,trophy,c1,T
4616,tropical,b2,T
4617,trouble,a2,T
4618,troubled,c1,T
4619,trousers,a1,T
4620,truck,a2,T
4621,true,a1,T
4622,truly,b2,T
4623,trust,b2,T
4624,trustee,c1,T
4625,truth,b1,T
4626,try,a1,T
4627,tsunami,b2,T
4628,tube,b1,T
4629,tuesday,a1,T
4630,tuition,c1,T
4631,tune,b2,T
4632,tunnel,b2,T
4633,turn,a1,T
4634,turnout,c1,T
4635,turnover,c1,T
4636,tv,a1,T
4637,twelve,a1,T
4638,twenty,a1,T
4639,twice,a1,T
4640,twin,a2,T
4641,twist,c1,T
4642,two,a1,T
4643,type,a1,T
4644,typical,a2,T
4645,typically,b1,T
4646,tyre,b1,T
4647,ugly,b1,T
4648,ultimate,b2,T
4649,ultimately,b2,T
4650,umbrella,a1,T
4651,unable,b1,T
4652,unacceptable,b2,T
4653,uncertainty,b2,T
4654,uncle,a1,T
4655,uncomfortable,b1,T
4656,unconscious,b2,T
4657,under,a1,T
4658,undergo,b2,T
4659,undergraduate,c1,T
4660,underground,a2,T
4661,underlying,c1,T
4662,undermine,c1,T
4663,understand,a1,T
4664,understanding,a2,T
4665,undertake,b2,T
4666,underwear,b1,T
4667,undoubtedly,c1,T
4668,unemployed,b1,T
4669,unemployment,b1,T
4670,unexpected,b2,T
4671,unfair,b1,T
4672,unfold,b2,T
4673,unfortunate,b2,T
4674,unfortunately,a2,T
4675,unhappy,a2,T
4676,uniform,a2,T
4677,unify,c1,T
4678,union,b1,T
4679,unique,b2,T
4680,unit,a2,T
4681,unite,b2,T
4682,united,a2,T
4683,unity,b2,T
4684,universal,b2,T
4685,universe,b2,T
4686,university,a1,T
4687,unknown,b2,T
4688,unless,b1,T
4689,unlike,b1,T
4690,unlikely,b1,T
4691,unnecessary,b1,T
4692,unpleasant,b1,T
4693,unprecedented,c1,T
4694,until,a1,T
4695,unusual,a2,T
4696,unveil,c1,T
4697,up,a1,T
4698,upcoming,c1,T
4699,update,b1,T
4700,upgrade,c1,T
4701,uphold,c1,T
4702,upon,b1,T
4703,upper,b2,T
4704,upset,b1,T
4705,upstairs,a1,T
4706,upwards,b2,T
4707,urban,b2,T
4708,urge,b2,T
4709,urgent,b2,T
4710,us,a1,T
4711,usage,b2,T
4712,use,a1,T
4713,used,b1,T
4714,used to,a2,T
4715,useful,a1,T
4716,useless,b2,T
4717,user,a2,T
4718,usual,a2,T
4719,usually,a1,T
4720,utility,c1,T
4721,utilize,c1,T
4722,utterly,c1,T
4723,vacation,a1,T
4724,vacuum,c1,T
4725,vague,c1,T
4726,valid,b2,T
4727,validity,c1,T
4728,valley,a2,T
4729,valuable,b1,T
4730,value,b1,T
4731,van,a2,T
4732,vanish,c1,T
4733,variable,c1,T
4734,variation,b2,T
4735,varied,c1,T
4736,variety,a2,T
4737,various,b1,T
4738,vary,b2,T
4739,vast,b2,T
4740,vegetable,a1,T
4741,vehicle,a2,T
4742,vein,c1,T
4743,venture,c1,T
4744,venue,b2,T
4745,verbal,c1,T
4746,verdict,c1,T
4747,verify,c1,T
4748,verse,c1,T
4749,version,b1,T
4750,versus,c1,T
4751,vertical,b2,T
4752,very,a1,T
4753,vessel,c1,T
4754,veteran,c1,T
4755,via,b2,T
4756,viable,c1,T
4757,vibrant,c1,T
4758,vice,c1,T
4759,vicious,c1,T
4760,victim,b1,T
4761,victory,b2,T
4762,video,a1,T
4763,view,a2,T
4764,viewer,b1,T
4765,viewpoint,b2,T
4766,village,a1,T
4767,villager,c1,T
4768,violate,c1,T
4769,violation,c1,T
4770,violence,b2,T
4771,violent,b1,T
4772,virtual,b2,T
4773,virtue,c1,T
4774,virus,a2,T
4775,visa,b2,T
4776,visible,b2,T
4777,vision,b2,T
4778,visit,a1,T
4779,visitor,a1,T
4780,visual,b2,T
4781,vital,b2,T
4782,vitamin,b2,T
4783,vocal,c1,T
4784,voice,a2,T
4785,volume,b2,T
4786,voluntary,b2,T
4787,volunteer,b1,T
4788,vote,b1,T
4789,voting,b2,T
4790,vow,c1,T
4791,vulnerability,c1,T
4792,vulnerable,c1,T
4793,wage,b2,T
4794,wait,a1,T
4795,waiter,a1,T
4796,wake,a1,T
4797,walk,a1,T
4798,wall,a1,T
4799,wander,b2,T
4800,want,a1,T
4801,war,a2,T
4802,ward,c1,T
4803,warehouse,c1,T
4804,warfare,c1,T
4805,warm,a1,T
4806,warming,b2,T
4807,warn,b1,T
4808,warning,b1,T
4809,warrant,c1,T
4810,warrior,c1,T
4811,wash,a1,T
4812,washing,a2,T
4813,waste,b1,T
4814,watch,a1,T
4815,water,a1,T
4816,wave,a2,T
4817,way,a1,T
4818,we,a1,T
4819,weak,a2,T
4820,weaken,c1,T
4821,weakness,b2,T
4822,wealth,b2,T
4823,wealthy,b2,T
4824,weapon,b1,T
4825,wear,a1,T
4826,weather,a1,T
4827,weave,c1,T
4828,web,a2,T
4829,website,a1,T
4830,wedding,a2,T
4831,wednesday,a1,T
4832,weed,c1,T
4833,week,a1,T
4834,weekend,a1,T
4835,weekly,b2,T
4836,weigh,b1,T
4837,weight,a2,T
4838,weird,b2,T
4839,welcome,a1,T
4840,welfare,b2,T
4841,well,a1,T
4842,well-being,c1,T
4843,west,a1,T
4844,western,b1,T
4845,wet,a2,T
4846,what,a1,T
4847,whatever,b1,T
4848,whatsoever,c1,T
4849,wheat,b2,T
4850,wheel,a2,T
4851,when,a1,T
4852,whenever,b1,T
4853,where,a1,T
4854,whereas,b2,T
4855,whereby,c1,T
4856,wherever,b2,T
4857,whether,b1,T
4858,which,a1,T
4859,while,a2,T
4860,whilst,c1,T
4861,whip,c1,T
4862,whisper,b2,T
4863,white,a1,T
4864,who,a1,T
4865,whoever,b2,T
4866,whole,a2,T
4867,wholly,c1,T
4868,whom,b2,T
4869,whose,a2,T
4870,why,a1,T
4871,wide,a2,T
4872,widely,b2,T
4873,widen,c1,T
4874,widespread,b2,T
4875,widow,c1,T
4876,width,c1,T
4877,wife,a1,T
4878,wild,a2,T
4879,wildlife,b2,T
4880,will,a1,T
4881,willing,b2,T
4882,willingness,c1,T
4883,win,a1,T
4884,wind,a2,T
4885,window,a1,T
4886,wine,a1,T
4887,wing,b1,T
4888,winner,a2,T
4889,winter,a1,T
4890,wipe,c1,T
4891,wire,b2,T
4892,wisdom,b2,T
4893,wise,b2,T
4894,wish,a2,T
4895,wit,c1,T
4896,with,a1,T
4897,withdraw,b2,T
4898,withdrawal,c1,T
4899,within,b1,T
4900,without,a1,T
4901,witness,b2,T
4902,woman,a1,T
4903,wonder,b1,T
4904,wonderful,a1,T
4905,wood,a2,T
4906,wooden,a2,T
4907,wool,b1,T
4908,word,a1,T
4909,work,a1,T
4910,worker,a1,T
4911,workforce,b2,T
4912,working,a2,T
4913,workout,c1,T
4914,workplace,b2,T
4915,workshop,b2,T
4916,world,a1,T
4917,worldwide,b1,T
4918,worm,b2,T
4919,worried,a2,T
4920,worry,a2,T
4921,worse,a2,T
4922,worship,c1,T
4923,worst,a2,T
4924,worth,b1,T
4925,worthwhile,c1,T
4926,worthy,c1,T
4927,would,a1,T
4928,wound,b2,T
4929,wow,a2,T
4930,wrap,b2,T
4931,wrist,b2,T
4932,write,a1,T
4933,writer,a1,T
4934,writing,a1,T
4935,written,b1,T
4936,wrong,a1,T
4937,yard,b1,T
4938,yeah,a1,T
4939,year,a1,T
4940,yell,c1,T
4941,yellow,a1,T
4942,yes,a1,T
4943,yesterday,a1,T
4944,yet,a2,T
4945,yield,c1,T
4946,you,a1,T
4947,young,a1,T
4948,youngster,c1,T
4949,your,a1,T
4950,yours,a2,T
4951,yourself,a1,T
4952,youth,b1,T
4953,zero,a2,T
4954,zone,b2,T
